target_rank,competition_priority_score,cohort,variant,gene,hgvs_p,label,calibration_effect,raw_score,locked_calibrated_score,baseline_score,feature_gnomad_af,feature_mave_score,prime_diff,prime_ratio,biochemical_severity_score,functional_domain,protein_interface,in_diagnostic_rescue_queue,in_brca1_lovd_selected_errors,in_functional_structural_queue,evidence_gap,recommended_next_action,variant_key,variant_id,meta_gnomad_variant_id,meta_gnomad_reference_genome,feature_gnomad_af_study,feature_mave_score_study,review_status,source,chromosome,position_vcf,reference_allele_vcf,alternate_allele_vcf,meta_genome_build_x,coordinate_ready,feature_alphamissense_pathogenicity,feature_alphamissense_class,meta_alphamissense_transcript_id,meta_genome_build_y,meta_uniprot_accession,alphamissense_label_alignment,functional_interpretation,label_int,simple_mean_locked_alpha,simple_mean_raw_alpha
39,2.9474,clinvar_expert_external_validation_brca1,BRCA1 p.S1715C,BRCA1,p.S1715C,1,persistent_on_locked_test,0.2417082660848619,0.1377537566752769,0.4993346813568812,,,12,0.2941176470588235,4.7821,unknown,unknown,True,False,False,needs AlphaMissense/MAVE/structural confirmation,extract AlphaMissense subset; review BRCA curation; nominate for functional/structural confirmation,BRCA1|p.S1715C,55415,,,,,reviewed by expert panel,ClinVar,,,,,,False,0.4778,ambiguous,,,P38398,ambiguous_functional_signal,"AlphaMissense is ambiguous; combine with MAVE, gnomAD and structural review.",1,0.30777687833763845,0.359754133042431
19,3.1842,bridges_like_external_validation_brca1,BRCA1 p.M297I,BRCA1,p.M297I,0,persistent_on_locked_test,0.5372439532009116,0.1559997047328971,0.4993346813568812,,,6,1.5454545454545454,3.1409,unknown,unknown,True,False,False,needs AlphaMissense/MAVE/structural confirmation,extract AlphaMissense subset; review BRCA curation; nominate for functional/structural confirmation,BRCA1|p.M297I,CA003952,,,,,BRCA Exchange / LOVD external curated release 2026-01-05,ClinVar,,,,,,False,0.4204,ambiguous,,,P38398,ambiguous_functional_signal,"AlphaMissense is ambiguous; combine with MAVE, gnomAD and structural review.",0,0.2881998523664485,0.4788219766004558
44,2.8973,bridges_like_external_validation_brca2,BRCA2 p.Q1037H,BRCA2,p.Q1037H,1,persistent_on_locked_test,0.1061593872978686,0.0250782500431262,0.4993346813568812,,,6,1.8571428571428568,4.2703,unknown,unknown,True,False,False,needs AlphaMissense/MAVE/structural confirmation,extract AlphaMissense subset; review BRCA curation; nominate for functional/structural confirmation,BRCA2|p.Q1037H,CA387775418,,,,,BRCA Exchange / LOVD external curated release 2026-01-05,ClinVar,,,,,,False,0.1877,benign,,,P51587,discordant_am_benign_for_pathogenic_label,AlphaMissense is benign despite pathogenic external label; review clinical evidence and mechanism.,1,0.1063891250215631,0.1469296936489343
7,3.5136,bridges_like_external_validation_brca1,BRCA1 p.L1844P,BRCA1,p.L1844P,0,persistent_on_locked_test,0.9294718090089734,0.6772260718257691,0.499173792562599,1.8589180353467069e-06,,6,0.7391304347826086,6.8815,unknown,unknown,True,False,False,needs AlphaMissense/MAVE/structural confirmation,extract AlphaMissense subset; review BRCA curation; nominate for functional/structural confirmation,BRCA1|p.L1844P,CA055255,17-43045739-A-G,GRCh38,1.8589180353467069e-06,,BRCA Exchange / LOVD external curated release 2026-01-05,ClinVar,chr17,43045739,A,G,GRCh38,True,0.8965,pathogenic,,,P38398,discordant_am_pathogenic_for_benign_label,"AlphaMissense is pathogenic despite benign external label; review curation, isoform and functional assay context.",0,0.7868630359128845,0.9129859045044867
42,2.9144,clinvar_expert_external_validation_brca1,BRCA1 p.S1715R,BRCA1,p.S1715R,1,persistent_on_locked_test,0.4655582773137235,0.3039153878439969,0.4993346813568812,,,2,1.1176470588235294,8.2733,unknown,unknown,True,True,False,needs AlphaMissense/MAVE/structural confirmation,extract AlphaMissense subset; review BRCA curation; nominate for functional/structural confirmation,BRCA1|p.S1715R,CA003267,,,,,BRCA Exchange / LOVD external curated release 2026-01-05,ClinVar,,,,,,False,0.9947,pathogenic,,,P38398,supports_external_label,AlphaMissense supports pathogenic external label; prioritize as model false-negative mechanism.,1,0.6493076939219985,0.7301291386568618
49,2.8446,clinvar_expert_external_validation_brca2,BRCA2 p.L2721H,BRCA2,p.L2721H,1,persistent_on_locked_test,0.1553838416199817,0.1148042493429677,0.5024383951625416,,0.9173861470896189,10,0.5652173913043478,12.6194,unknown,unknown,True,False,False,needs population-frequency confirmation,extract AlphaMissense subset; review BRCA curation; nominate for functional/structural confirmation,BRCA2|p.L2721H,52513,,,,0.9173861470896189,reviewed by expert panel,ClinVar,,,,,,False,0.9749,pathogenic,,,P51587,supports_external_label,AlphaMissense supports pathogenic external label; prioritize as model false-negative mechanism.,1,0.5448521246714838,0.5651419208099908
33,2.9897,clinvar_expert_external_validation_brca1,BRCA1 p.F1761C,BRCA1,p.F1761C,1,persistent_on_locked_test,0.2112755083999035,0.1183665158180302,0.4993346813568812,,,12,0.2941176470588235,5.0209,unknown,unknown,True,False,False,needs AlphaMissense/MAVE/structural confirmation,extract AlphaMissense subset; review BRCA curation; nominate for functional/structural confirmation,BRCA1|p.F1761C,440481,,,,,reviewed by expert panel,ClinVar,,,,,,False,0.9276,pathogenic,,,P38398,supports_external_label,AlphaMissense supports pathogenic external label; prioritize as model false-negative mechanism.,1,0.5229832579090151,0.5694377541999518
13,3.3462,bridges_like_external_validation_brca1,BRCA1 p.L1080S,BRCA1,p.L1080S,0,persistent_on_locked_test,0.4771448536674036,0.1268573930100772,0.4993346813568812,,,6,0.7391304347826086,7.5827,unknown,unknown,True,False,False,needs AlphaMissense/MAVE/structural confirmation,extract AlphaMissense subset; review BRCA curation; nominate for functional/structural confirmation,BRCA1|p.L1080S,CA10595505,,,,,BRCA Exchange / LOVD external curated release 2026-01-05,ClinVar,,,,,,False,0.2527,benign,,,P38398,supports_external_label,Use as supporting functional annotation in the next benchmark rerun.,0,0.1897786965050386,0.3649224268337018
43,2.8974,bridges_like_external_validation_brca2,BRCA2 p.C132R,BRCA2,p.C132R,0,persistent_on_locked_test,0.7973981271505449,0.4601697817357048,0.5330439632303983,6.238287615002832e-07,,14,3.8,11.0912,unknown,unknown,True,False,False,needs AlphaMissense/MAVE/structural confirmation,extract AlphaMissense subset; review BRCA curation; nominate for functional/structural confirmation,BRCA2|p.C132R,CA6940354,13-32325153-T-C,GRCh38,6.238287615002832e-07,,BRCA Exchange / LOVD external curated release 2026-01-05,ClinVar,chr13,32325153,T,C,GRCh38,True,0.2443,benign,,,P51587,supports_external_label,Use as supporting functional annotation in the next benchmark rerun.,0,0.35223489086785237,0.5208490635752725
26,3.087,bridges_like_external_validation_brca1,BRCA1 p.E1765K,BRCA1,p.E1765K,0,persistent_on_locked_test,0.6155692213656616,0.2031426346850206,0.4993346813568812,,,0,1.0,4.4282,unknown,unknown,True,False,False,needs AlphaMissense/MAVE/structural confirmation,extract AlphaMissense subset; review BRCA curation; nominate for functional/structural confirmation,BRCA1|p.E1765K,CA10590964,,,,,BRCA Exchange / LOVD external curated release 2026-01-05,ClinVar,,,,,,False,0.2197,benign,,,P38398,supports_external_label,Use as supporting functional annotation in the next benchmark rerun.,0,0.2114213173425103,0.4176346106828308
16,3.2705,bridges_like_external_validation_brca1,BRCA1 p.R613G,BRCA1,p.R613G,0,persistent_on_locked_test,0.6304606004717404,0.2136004652949945,0.4957053912241487,1.8585955708428485e-06,,6,0.6842105263157895,10.7739,unknown,unknown,True,False,False,needs AlphaMissense/MAVE/structural confirmation,extract AlphaMissense subset; review BRCA curation; nominate for functional/structural confirmation,BRCA1|p.R613G,CA336046,17-43093694-T-C,GRCh38,1.8585955708428485e-06,,BRCA Exchange / LOVD external curated release 2026-01-05,ClinVar,chr17,43093694,T,C,GRCh38,True,0.1871,benign,,,P38398,supports_external_label,Use as supporting functional annotation in the next benchmark rerun.,0,0.20035023264749724,0.4087803002358702
20,3.1534,bridges_like_external_validation_brca1,BRCA1 p.Q1518H,BRCA1,p.Q1518H,0,persistent_on_locked_test,0.4498993631140703,0.115206480115012,0.4993346813568812,,,6,1.8571428571428568,4.2703,unknown,unknown,True,False,False,needs AlphaMissense/MAVE/structural confirmation,extract AlphaMissense subset; review BRCA curation; nominate for functional/structural confirmation,BRCA1|p.Q1518H,CA10592410,,,,,BRCA Exchange / LOVD external curated release 2026-01-05,ClinVar,,,,,,False,0.1851,benign,,,P38398,supports_external_label,Use as supporting functional annotation in the next benchmark rerun.,0,0.150153240057506,0.3174996815570351
47,2.8463,bridges_like_external_validation_brca1,BRCA1 p.K576N,BRCA1,p.K576N,0,persistent_on_locked_test,0.2701734953735409,0.0556563738589852,0.4993346813568812,,,4,0.6363636363636364,3.3221,unknown,unknown,True,False,False,needs AlphaMissense/MAVE/structural confirmation,extract AlphaMissense subset; review BRCA curation; nominate for functional/structural confirmation,BRCA1|p.K576N,CA10598573,,,,,BRCA Exchange / LOVD external curated release 2026-01-05,ClinVar,,,,,,False,0.1844,benign,,,P38398,supports_external_label,Use as supporting functional annotation in the next benchmark rerun.,0,0.1200281869294926,0.22728674768677046
8,3.4712,bridges_like_external_validation_brca1,BRCA1 p.R1520S,BRCA1,p.R1520S,0,persistent_on_locked_test,0.7411956181875129,0.3131660706339318,0.4993346813568812,,,2,0.8947368421052632,8.2733,unknown,unknown,True,False,False,needs AlphaMissense/MAVE/structural confirmation,extract AlphaMissense subset; review BRCA curation; nominate for functional/structural confirmation,BRCA1|p.R1520S,CA10592396,,,,,BRCA Exchange / LOVD external curated release 2026-01-05,ClinVar,,,,,,False,0.1674,benign,,,P38398,supports_external_label,Use as supporting functional annotation in the next benchmark rerun.,0,0.2402830353169659,0.45429780909375644
48,2.8455,bridges_like_external_validation_brca1,BRCA1 p.Q1200H,BRCA1,p.Q1200H,0,persistent_on_locked_test,0.3919997037172406,0.0930909432513794,0.4725699568793971,0.0002149767552511,,6,1.8571428571428568,4.2703,unknown,unknown,True,False,False,needs AlphaMissense/MAVE/structural confirmation,extract AlphaMissense subset; review BRCA curation; nominate for functional/structural confirmation,BRCA1|p.Q1200H,CA002300,17-43091931-C-G,GRCh38,0.0002149767552511,,BRCA Exchange / LOVD external curated release 2026-01-05,ClinVar,chr17,43091931,C,G,GRCh38,True,0.1609,benign,,,P38398,supports_external_label,Use as supporting functional annotation in the next benchmark rerun.,0,0.1269954716256897,0.27644985185862025
27,3.0443,bridges_like_external_validation_brca1,BRCA1 p.D1381E,BRCA1,p.D1381E,0,persistent_on_locked_test,0.6733057545893755,0.2470559387318058,0.5020979845079295,6.199881706257045e-07,,0,1.0,0.4209,unknown,unknown,True,True,False,needs AlphaMissense/MAVE/structural confirmation,extract AlphaMissense subset; review BRCA curation; nominate for functional/structural confirmation,BRCA1|p.D1381E,CA10593435,17-43090986-G-C,GRCh38,6.199881706257045e-07,,BRCA Exchange / LOVD external curated release 2026-01-05,ClinVar,chr17,43090986,G,C,GRCh38,True,0.1504,benign,,,P38398,supports_external_label,Use as supporting functional annotation in the next benchmark rerun.,0,0.19872796936590292,0.4118528772946877
18,3.2316,bridges_like_external_validation_brca1,BRCA1 p.M751I,BRCA1,p.M751I,0,persistent_on_locked_test,0.5846330310224167,0.1830633878885453,0.4993346813568812,,,6,1.5454545454545454,3.1409,unknown,unknown,True,False,False,needs AlphaMissense/MAVE/structural confirmation,extract AlphaMissense subset; review BRCA curation; nominate for functional/structural confirmation,BRCA1|p.M751I,CA10597495,,,,,BRCA Exchange / LOVD external curated release 2026-01-05,ClinVar,,,,,,False,0.1472,benign,,,P38398,supports_external_label,Use as supporting functional annotation in the next benchmark rerun.,0,0.16513169394427263,0.36591651551120835
2,3.856,bridges_like_external_validation_brca1,BRCA1 p.R213M,BRCA1,p.R213M,0,persistent_on_locked_test,0.8859803040463078,0.5529933546138232,0.4993346813568812,,,8,0.5789473684210527,10.8497,unknown,unknown,True,False,False,needs AlphaMissense/MAVE/structural confirmation,extract AlphaMissense subset; review BRCA curation; nominate for functional/structural confirmation,BRCA1|p.R213M,CA10600828,,,,,BRCA Exchange / LOVD external curated release 2026-01-05,ClinVar,,,,,,False,0.1451,benign,,,P38398,supports_external_label,AlphaMissense supports benign external label; prioritize as model false-positive mechanism.,0,0.3490466773069116,0.515540152023154
30,3.001,bridges_like_external_validation_brca1,BRCA1 p.E1288A,BRCA1,p.E1288A,0,persistent_on_locked_test,0.2709618037107432,0.0558666796966824,0.4993346813568812,,,2,1.181818181818182,10.7412,unknown,unknown,True,False,False,needs AlphaMissense/MAVE/structural confirmation,extract AlphaMissense subset; review BRCA curation; nominate for functional/structural confirmation,BRCA1|p.E1288A,CA10594236,,,,,BRCA Exchange / LOVD external curated release 2026-01-05,ClinVar,,,,,,False,0.1361,benign,,,P38398,supports_external_label,Use as supporting functional annotation in the next benchmark rerun.,0,0.0959833398483412,0.2035309018553716
45,2.8935,bridges_like_external_validation_brca2,BRCA2 p.Y2854N,BRCA2,p.Y2854N,0,persistent_on_locked_test,0.6498521485324599,0.286717316363932,0.4993346813568812,,,10,0.4117647058823529,5.8721,unknown,unknown,True,False,False,needs AlphaMissense/MAVE/structural confirmation,extract AlphaMissense subset; review BRCA curation; nominate for functional/structural confirmation,BRCA2|p.Y2854N,CA387752796,,,,,BRCA Exchange / LOVD external curated release 2026-01-05,ClinVar,,,,,,False,0.1326,benign,,,P51587,supports_external_label,Use as supporting functional annotation in the next benchmark rerun.,0,0.209658658181966,0.3912260742662299
50,2.8364,bridges_like_external_validation_brca1,BRCA1 p.D400E,BRCA1,p.D400E,0,persistent_on_locked_test,0.5653890882486742,0.1715775297583496,0.4993346813568812,,,0,1.0,0.4209,unknown,unknown,True,False,False,needs AlphaMissense/MAVE/structural confirmation,extract AlphaMissense subset; review BRCA curation; nominate for functional/structural confirmation,BRCA1|p.D400E,CA10599650,,,,,BRCA Exchange / LOVD external curated release 2026-01-05,ClinVar,,,,,,False,0.1282,benign,,,P38398,supports_external_label,Use as supporting functional annotation in the next benchmark rerun.,0,0.1498887648791748,0.3467945441243371
46,2.8751,bridges_like_external_validation_brca1,BRCA1 p.E286Q,BRCA1,p.E286Q,0,persistent_on_locked_test,0.3386266808921491,0.0753709165850591,0.4993346813568812,,,4,0.6363636363636364,2.5294,unknown,unknown,True,False,False,needs AlphaMissense/MAVE/structural confirmation,extract AlphaMissense subset; review BRCA curation; nominate for functional/structural confirmation,BRCA1|p.E286Q,CA10600370,,,,,BRCA Exchange / LOVD external curated release 2026-01-05,ClinVar,,,,,,False,0.1274,benign,,,P38398,supports_external_label,Use as supporting functional annotation in the next benchmark rerun.,0,0.10138545829252955,0.23301334044607455
14,3.2985,bridges_like_external_validation_brca1,BRCA1 p.A794V,BRCA1,p.A794V,0,persistent_on_locked_test,0.4964146927905124,0.1356508528476172,0.5002920075068255,1.8593489303785384e-06,,6,1.4615384615384617,4.2418,unknown,unknown,True,True,False,needs AlphaMissense/MAVE/structural confirmation,extract AlphaMissense subset; review BRCA curation; nominate for functional/structural confirmation,BRCA1|p.A794V,CA10580620,17-43093150-G-A,GRCh38,1.8593489303785384e-06,,BRCA Exchange / LOVD external curated release 2026-01-05,ClinVar,chr17,43093150,G,A,GRCh38,True,0.1226,benign,,,P38398,supports_external_label,Use as supporting functional annotation in the next benchmark rerun.,0,0.1291254264238086,0.30950734639525623
15,3.2793,bridges_like_external_validation_brca1,BRCA1 p.L440S,BRCA1,p.L440S,0,persistent_on_locked_test,0.4102460702988341,0.0997056677496897,0.4993346813568812,,,6,0.7391304347826086,7.5827,unknown,unknown,True,False,False,needs AlphaMissense/MAVE/structural confirmation,extract AlphaMissense subset; review BRCA curation; nominate for functional/structural confirmation,BRCA1|p.L440S,CA000860,,,,,BRCA Exchange / LOVD external curated release 2026-01-05,ClinVar,,,,,,False,0.115,benign,,,P38398,supports_external_label,Use as supporting functional annotation in the next benchmark rerun.,0,0.10735283387484484,0.26262303514941704
9,3.4589,bridges_like_external_validation_brca1,BRCA1 p.L152P,BRCA1,p.L152P,0,persistent_on_locked_test,0.8747660299751326,0.5265304884100384,0.5282231852217617,6.200727469346704e-06,0.0,6,0.7391304347826086,6.8815,unknown,unknown,True,True,False,needs mechanistic review and threshold audit,extract AlphaMissense subset; review BRCA curation; nominate for functional/structural confirmation,BRCA1|p.L152P,CA002904,17-43099867-A-G,GRCh38,6.200727469346704e-06,0.0,BRCA Exchange / LOVD external curated release 2026-01-05,ClinVar,chr17,43099867,A,G,GRCh38,True,0.1148,benign,,,P38398,supports_external_label,AlphaMissense supports benign external label; prioritize as model false-positive mechanism.,0,0.3206652442050192,0.4947830149875663
37,2.9644,bridges_like_external_validation_brca1,BRCA1 p.A1453G,BRCA1,p.A1453G,0,persistent_on_locked_test,0.5834407049181806,0.1823305394841715,0.4993346813568812,,,0,1.0,2.6206,unknown,unknown,True,False,False,needs AlphaMissense/MAVE/structural confirmation,extract AlphaMissense subset; review BRCA curation; nominate for functional/structural confirmation,BRCA1|p.A1453G,CA10592827,,,,,BRCA Exchange / LOVD external curated release 2026-01-05,ClinVar,,,,,,False,0.1148,benign,,,P38398,supports_external_label,Use as supporting functional annotation in the next benchmark rerun.,0,0.14856526974208575,0.3491203524590903
41,2.9283,bridges_like_external_validation_brca1,BRCA1 p.T760I,BRCA1,p.T760I,0,persistent_on_locked_test,0.5401763096054223,0.1575596767137902,0.4985133866042396,1.2391281989643366e-06,,0,1.0,7.7618,unknown,unknown,True,False,False,needs AlphaMissense/MAVE/structural confirmation,extract AlphaMissense subset; review BRCA curation; nominate for functional/structural confirmation,BRCA1|p.T760I,CA10597438,17-43093252-G-A,GRCh38,1.2391281989643366e-06,,BRCA Exchange / LOVD external curated release 2026-01-05,ClinVar,chr17,43093252,G,A,GRCh38,True,0.1142,benign,,,P38398,supports_external_label,Use as supporting functional annotation in the next benchmark rerun.,0,0.1358798383568951,0.32718815480271113
10,3.416,bridges_like_external_validation_brca1,BRCA1 p.E438V,BRCA1,p.E438V,0,persistent_on_locked_test,0.4460408796430147,0.1136255317179427,0.4993346813568812,,,8,1.7272727272727273,12.2994,unknown,unknown,True,False,False,needs AlphaMissense/MAVE/structural confirmation,extract AlphaMissense subset; review BRCA curation; nominate for functional/structural confirmation,BRCA1|p.E438V,CA10599425,,,,,BRCA Exchange / LOVD external curated release 2026-01-05,ClinVar,,,,,,False,0.1097,benign,,,P38398,supports_external_label,Use as supporting functional annotation in the next benchmark rerun.,0,0.11166276585897135,0.27787043982150733
24,3.1047,bridges_like_external_validation_brca1,BRCA1 p.S886F,BRCA1,p.S886F,0,persistent_on_locked_test,0.4547281757922822,0.1172084015156086,0.4993346813568812,,,0,1.0,8.803,unknown,unknown,True,False,False,needs AlphaMissense/MAVE/structural confirmation,extract AlphaMissense subset; review BRCA curation; nominate for functional/structural confirmation,BRCA1|p.S886F,CA10596679,,,,,BRCA Exchange / LOVD external curated release 2026-01-05,ClinVar,,,,,,False,0.1073,benign,,,P38398,supports_external_label,Use as supporting functional annotation in the next benchmark rerun.,0,0.1122542007578043,0.28101408789614113
35,2.9761,bridges_like_external_validation_brca1,BRCA1 p.E699K,BRCA1,p.E699K,0,persistent_on_locked_test,0.504656518668039,0.1395629890569498,0.4993346813568812,,,0,1.0,4.4282,unknown,unknown,True,False,False,needs AlphaMissense/MAVE/structural confirmation,extract AlphaMissense subset; review BRCA curation; nominate for functional/structural confirmation,BRCA1|p.E699K,CA10597812,,,,,BRCA Exchange / LOVD external curated release 2026-01-05,ClinVar,,,,,,False,0.1064,benign,,,P38398,supports_external_label,Use as supporting functional annotation in the next benchmark rerun.,0,0.1229814945284749,0.3055282593340195
6,3.5367,bridges_like_external_validation_brca1,BRCA1 p.G394D,BRCA1,p.G394D,0,persistent_on_locked_test,0.8067063647108768,0.3991994835851964,0.4993346813568812,,,2,0.8461538461538461,8.5409,unknown,unknown,True,False,False,needs AlphaMissense/MAVE/structural confirmation,extract AlphaMissense subset; review BRCA curation; nominate for functional/structural confirmation,BRCA1|p.G394D,CA10599689,,,,,BRCA Exchange / LOVD external curated release 2026-01-05,ClinVar,,,,,,False,0.0994,benign,,,P38398,supports_external_label,Use as supporting functional annotation in the next benchmark rerun.,0,0.2492997417925982,0.4530531823554384
34,2.9766,bridges_like_external_validation_brca1,BRCA1 p.G559A,BRCA1,p.G559A,0,persistent_on_locked_test,0.5956370110434372,0.1899657844245935,0.4993346813568812,,,0,1.0,2.6206,unknown,unknown,True,False,False,needs AlphaMissense/MAVE/structural confirmation,extract AlphaMissense subset; review BRCA curation; nominate for functional/structural confirmation,BRCA1|p.G559A,CA10598679,,,,,BRCA Exchange / LOVD external curated release 2026-01-05,ClinVar,,,,,,False,0.0993,benign,,,P38398,supports_external_label,Use as supporting functional annotation in the next benchmark rerun.,0,0.14463289221229675,0.3474685055217186
31,2.9984,bridges_like_external_validation_brca1,BRCA1 p.G774A,BRCA1,p.G774A,0,persistent_on_locked_test,0.6173967694925235,0.2043967599496806,0.4993346813568812,,,0,1.0,2.6206,unknown,unknown,True,False,False,needs AlphaMissense/MAVE/structural confirmation,extract AlphaMissense subset; review BRCA curation; nominate for functional/structural confirmation,BRCA1|p.G774A,CA10597361,,,,,BRCA Exchange / LOVD external curated release 2026-01-05,ClinVar,,,,,,False,0.0972,benign,,,P38398,supports_external_label,Use as supporting functional annotation in the next benchmark rerun.,0,0.1507983799748403,0.35729838474626174
22,3.1154,bridges_like_external_validation_brca1,BRCA1 p.D1475N,BRCA1,p.D1475N,0,persistent_on_locked_test,0.5789488955046345,0.1795954138414273,0.4993346813568812,,,4,0.6363636363636364,2.5294,unknown,unknown,True,False,False,needs AlphaMissense/MAVE/structural confirmation,extract AlphaMissense subset; review BRCA curation; nominate for functional/structural confirmation,BRCA1|p.D1475N,CA10592693,,,,,BRCA Exchange / LOVD external curated release 2026-01-05,ClinVar,,,,,,False,0.0952,benign,,,P38398,supports_external_label,Use as supporting functional annotation in the next benchmark rerun.,0,0.13739770692071365,0.3370744477523172
23,3.1066,bridges_like_external_validation_brca1,BRCA1 p.S1173I,BRCA1,p.S1173I,0,persistent_on_locked_test,0.4566490695219141,0.1180120986685602,0.4993346813568812,,,0,1.0,8.2827,unknown,unknown,True,False,False,needs AlphaMissense/MAVE/structural confirmation,extract AlphaMissense subset; review BRCA curation; nominate for functional/structural confirmation,BRCA1|p.S1173I,CA10594934,,,,,BRCA Exchange / LOVD external curated release 2026-01-05,ClinVar,,,,,,False,0.0934,benign,,,P38398,supports_external_label,Use as supporting functional annotation in the next benchmark rerun.,0,0.1057060493342801,0.27502453476095706
21,3.1265,bridges_like_external_validation_brca1,BRCA1 p.D1582N,BRCA1,p.D1582N,0,persistent_on_locked_test,0.5899709687890795,0.1863800302638617,0.4993346813568812,,,4,0.6363636363636364,2.5294,unknown,unknown,True,False,False,needs AlphaMissense/MAVE/structural confirmation,extract AlphaMissense subset; review BRCA curation; nominate for functional/structural confirmation,BRCA1|p.D1582N,CA10592023,,,,,BRCA Exchange / LOVD external curated release 2026-01-05,ClinVar,,,,,,False,0.0915,benign,,,P38398,supports_external_label,Use as supporting functional annotation in the next benchmark rerun.,0,0.13894001513193086,0.34073548439453977
29,3.0365,bridges_like_external_validation_brca1,BRCA1 p.P1859R,BRCA1,p.P1859R,0,persistent_on_locked_test,0.5565202243699485,0.1665192513222483,0.4995472468854042,6.135630910192956e-05,,2,1.1176470588235294,8.3721,unknown,unknown,True,False,False,needs AlphaMissense/MAVE/structural confirmation,extract AlphaMissense subset; review BRCA curation; nominate for functional/structural confirmation,BRCA1|p.P1859R,CA003729,17-43045694-G-C,GRCh38,6.135630910192956e-05,,BRCA Exchange / LOVD external curated release 2026-01-05,ClinVar,chr17,43045694,G,C,GRCh38,True,0.0905,benign,,,P38398,supports_external_label,Use as supporting functional annotation in the next benchmark rerun.,0,0.12850962566112414,0.3235101121849743
38,2.9627,bridges_like_external_validation_brca1,BRCA1 p.K734N,BRCA1,p.K734N,0,persistent_on_locked_test,0.2865668686803763,0.0601054144570548,0.5002939021683521,6.197660754924662e-07,,4,0.6363636363636364,3.3221,unknown,unknown,True,True,False,needs AlphaMissense/MAVE/structural confirmation,extract AlphaMissense subset; review BRCA curation; nominate for functional/structural confirmation,BRCA1|p.K734N,CA10597593,17-43093329-T-G,GRCh38,6.197660754924662e-07,,BRCA Exchange / LOVD external curated release 2026-01-05,ClinVar,chr17,43093329,T,G,GRCh38,True,0.0885,benign,,,P38398,supports_external_label,Use as supporting functional annotation in the next benchmark rerun.,0,0.0743027072285274,0.18753343434018815
25,3.0961,bridges_like_external_validation_brca1,BRCA1 p.H1402Y,BRCA1,p.H1402Y,0,persistent_on_locked_test,0.6771208013401036,0.2503062627129431,0.4984740181394098,2.788069540650054e-05,,4,1.3076923076923077,5.1809,unknown,unknown,True,False,False,needs AlphaMissense/MAVE/structural confirmation,extract AlphaMissense subset; review BRCA curation; nominate for functional/structural confirmation,BRCA1|p.H1402Y,CA002707,17-43082557-G-A,GRCh38,2.788069540650054e-05,,BRCA Exchange / LOVD external curated release 2026-01-05,ClinVar,chr17,43082557,G,A,GRCh38,True,0.0883,benign,,,P38398,supports_external_label,Use as supporting functional annotation in the next benchmark rerun.,0,0.16930313135647154,0.3827104006700518
11,3.3886,bridges_like_external_validation_brca1,BRCA1 p.T1349M,BRCA1,p.T1349M,0,persistent_on_locked_test,0.8634878760631499,0.5017538514239966,0.4993983180341149,2.231312755671253e-05,,6,0.6470588235294118,5.7027,unknown,unknown,True,False,False,needs AlphaMissense/MAVE/structural confirmation,extract AlphaMissense subset; review BRCA curation; nominate for functional/structural confirmation,BRCA1|p.T1349M,CA002584,17-43091485-G-A,GRCh38,2.231312755671253e-05,,BRCA Exchange / LOVD external curated release 2026-01-05,ClinVar,chr17,43091485,G,A,GRCh38,True,0.0882,benign,,,P38398,supports_external_label,AlphaMissense supports benign external label; prioritize as model false-positive mechanism.,0,0.2949769257119983,0.475843938031575
28,3.0423,bridges_like_external_validation_brca1,BRCA1 p.V1333A,BRCA1,p.V1333A,0,persistent_on_locked_test,0.5901737172376381,0.1865071696759515,0.4988622255571472,1.8588189807723764e-06,,6,0.6842105263157895,4.2418,unknown,unknown,True,False,False,needs AlphaMissense/MAVE/structural confirmation,extract AlphaMissense subset; review BRCA curation; nominate for functional/structural confirmation,BRCA1|p.V1333A,CA10593965,17-43091533-A-G,GRCh38,1.8588189807723764e-06,,BRCA Exchange / LOVD external curated release 2026-01-05,ClinVar,chr17,43091533,A,G,GRCh38,True,0.0849,benign,,,P38398,supports_external_label,Use as supporting functional annotation in the next benchmark rerun.,0,0.13570358483797573,0.33753685861881905
4,3.7122,bridges_like_external_validation_brca1,BRCA1 p.C644F,BRCA1,p.C644F,0,persistent_on_locked_test,0.811219542164764,0.4062240970371958,0.4993346813568812,,,12,3.4,5.0209,unknown,unknown,True,False,False,needs AlphaMissense/MAVE/structural confirmation,extract AlphaMissense subset; review BRCA curation; nominate for functional/structural confirmation,BRCA1|p.C644F,CA10580642,,,,,BRCA Exchange / LOVD external curated release 2026-01-05,ClinVar,,,,,,False,0.0846,benign,,,P38398,supports_external_label,Use as supporting functional annotation in the next benchmark rerun.,0,0.2454120485185979,0.447909771082382
32,2.9917,clinvar_expert_external_validation_brca2,BRCA2 p.C3198R,BRCA2,p.C3198R,0,persistent_on_locked_test,0.8916881203765962,0.8530223358997153,0.4978227356793136,0.0001102848695354,,14,3.8,11.0912,unknown,unknown,True,False,False,needs AlphaMissense/MAVE/structural confirmation,extract AlphaMissense subset; review BRCA curation; nominate for functional/structural confirmation,BRCA2|p.C3198R,38252,13-32396988-T-C,GRCh38,0.0001102848695354,,reviewed by expert panel,ClinVar,chr13,32396988,T,C,GRCh38,True,0.0842,benign,,,P51587,supports_external_label,AlphaMissense supports benign external label; prioritize as model false-positive mechanism.,0,0.4686111679498577,0.48794406018829806
17,3.2698,bridges_like_external_validation_brca1,BRCA1 p.G964E,BRCA1,p.G964E,0,persistent_on_locked_test,0.7898256067007147,0.3743320755740194,0.4985300214803684,6.195640994821683e-07,,2,0.8461538461538461,8.9618,unknown,unknown,True,False,False,needs AlphaMissense/MAVE/structural confirmation,extract AlphaMissense subset; review BRCA curation; nominate for functional/structural confirmation,BRCA1|p.G964E,CA10596209,17-43092640-C-T,GRCh38,6.195640994821683e-07,,BRCA Exchange / LOVD external curated release 2026-01-05,ClinVar,chr17,43092640,C,T,GRCh38,True,0.083,benign,,,P38398,supports_external_label,Use as supporting functional annotation in the next benchmark rerun.,0,0.2286660377870097,0.4364128033503573
12,3.3564,bridges_like_external_validation_brca1,BRCA1 p.D936G,BRCA1,p.D936G,0,persistent_on_locked_test,0.6264363302368456,0.2107197656871098,0.4993346813568812,,,2,1.181818181818182,8.5409,unknown,unknown,True,False,False,needs AlphaMissense/MAVE/structural confirmation,extract AlphaMissense subset; review BRCA curation; nominate for functional/structural confirmation,BRCA1|p.D936G,CA10596380,,,,,BRCA Exchange / LOVD external curated release 2026-01-05,ClinVar,,,,,,False,0.0825,benign,,,P38398,supports_external_label,Use as supporting functional annotation in the next benchmark rerun.,0,0.1466098828435549,0.35446816511842283
5,3.7117,bridges_like_external_validation_brca1,BRCA1 p.C636F,BRCA1,p.C636F,0,persistent_on_locked_test,0.8106993354047108,0.4054058739204697,0.4993346813568812,,,12,3.4,5.0209,unknown,unknown,True,False,False,needs AlphaMissense/MAVE/structural confirmation,extract AlphaMissense subset; review BRCA curation; nominate for functional/structural confirmation,BRCA1|p.C636F,CA10598209,,,,,BRCA Exchange / LOVD external curated release 2026-01-05,ClinVar,,,,,,False,0.0823,benign,,,P38398,supports_external_label,Use as supporting functional annotation in the next benchmark rerun.,0,0.24385293696023483,0.44649966770235544
36,2.9663,bridges_like_external_validation_brca1,BRCA1 p.S449P,BRCA1,p.S449P,0,persistent_on_locked_test,0.5512240727509335,0.1635656886239475,0.4993346813568812,,,0,1.0,3.3012,unknown,unknown,True,False,False,needs AlphaMissense/MAVE/structural confirmation,extract AlphaMissense subset; review BRCA curation; nominate for functional/structural confirmation,BRCA1|p.S449P,CA10599359,,,,,BRCA Exchange / LOVD external curated release 2026-01-05,ClinVar,,,,,,False,0.079,benign,,,P38398,supports_external_label,Use as supporting functional annotation in the next benchmark rerun.,0,0.12128284431197375,0.31511203637546675
3,3.7233,bridges_like_external_validation_brca1,BRCA1 p.C818F,BRCA1,p.C818F,0,persistent_on_locked_test,0.8222634182849127,0.4241420082082723,0.4993346813568812,,,12,3.4,5.0209,unknown,unknown,True,False,False,needs AlphaMissense/MAVE/structural confirmation,extract AlphaMissense subset; review BRCA curation; nominate for functional/structural confirmation,BRCA1|p.C818F,CA10597101,,,,,BRCA Exchange / LOVD external curated release 2026-01-05,ClinVar,,,,,,False,0.0753,benign,,,P38398,supports_external_label,Use as supporting functional annotation in the next benchmark rerun.,0,0.24972100410413617,0.44878170914245635
40,2.941,bridges_like_external_validation_brca1,BRCA1 p.E368K,BRCA1,p.E368K,0,persistent_on_locked_test,0.4695947822285674,0.1235404294604136,0.4993346813568812,,,0,1.0,4.4282,unknown,unknown,True,False,False,needs AlphaMissense/MAVE/structural confirmation,extract AlphaMissense subset; review BRCA curation; nominate for functional/structural confirmation,BRCA1|p.E368K,CA10599855,,,,,BRCA Exchange / LOVD external curated release 2026-01-05,ClinVar,,,,,,False,0.0695,benign,,,P38398,supports_external_label,Use as supporting functional annotation in the next benchmark rerun.,0,0.0965202147302068,0.2695473911142837
1,4.0184,bridges_like_external_validation_brca1,BRCA1 p.C1501Y,BRCA1,p.C1501Y,0,persistent_on_locked_test,0.9783851047902724,0.8781439067685224,0.4993346813568812,,,12,3.4,7.8009,unknown,unknown,True,False,False,needs AlphaMissense/MAVE/structural confirmation,extract AlphaMissense subset; review BRCA curation; nominate for functional/structural confirmation,BRCA1|p.C1501Y,CA10592523,,,,,BRCA Exchange / LOVD external curated release 2026-01-05,ClinVar,,,,,,False,0.0688,benign,,,P38398,supports_external_label,AlphaMissense supports benign external label; prioritize as model false-positive mechanism.,0,0.4734719533842612,0.5235925523951362
