position,mean_llr,detect
1,-7.754354210526316,0.49966867426165823
2,-7.066316315789473,0.4345317596868921
3,-1.8332789473684212,0.0
4,-5.658948947368422,0.30129554006381815
5,-5.041513684210526,0.24284261428834697
6,-4.785683157894737,0.21862300187205333
7,-6.965450526315789,0.42498274158378807
8,-2.9426684210526317,0.04414381345520785
9,-9.919023684210526,0.7045990882236701
10,-2.2723652631578948,0.0
11,-11.204307368421054,0.8262775803287924
12,-8.316804736842107,0.5529161656649862
13,-8.300163684210526,0.5513407483340672
14,-5.732142631578947,0.3082248251981157
15,-5.994794736842105,0.3330902401327863
16,-9.712778421052631,0.6850737391251235
17,-3.887972105263158,0.13363621757516309
18,-11.510201578947369,0.8552367484391317
19,-12.016742631578946,0.9031912601401109
20,-7.72139052631579,0.4965479846907563
21,-6.305367368421052,0.3624923168601962
22,-10.90660894736842,0.798094311980521
23,-11.094186315789473,0.8158523615246885
24,-8.883654210526316,0.6065801077625963
25,-5.810841578947368,0.3156752965327237
26,-5.144982631578948,0.2526380747381753
27,-8.129060526315788,0.5351423210897001
28,-9.463905789473685,0.6615128343157229
29,-11.730485263157895,0.8760911223484694
30,-8.914783157894737,0.6095271018177926
31,-2.2124521052631576,0.0
32,-9.580094736842106,0.6725125039518897
33,-11.541646315789473,0.8582136384522806
34,-10.129255789473683,0.7245018737913707
35,-10.852656315789474,0.7929865875642869
36,-9.478874210526316,0.6629299027226851
37,-11.849642105263158,0.8873717641627955
38,-11.97352157894737,0.899099500028306
39,-11.666353684210526,0.8700197515542237
40,-7.333702105263158,0.45984531503127507
41,-11.769300000000001,0.87976573419364
42,-8.493227894736842,0.5696182401476644
43,-10.811691052631579,0.7891083842454578
44,-10.099898947368422,0.7217226458868863
45,-9.022972631578947,0.6197694570124184
46,-10.526957894736842,0.7621525442775349
47,-11.005724210526317,0.8074776068233734
48,-6.711718947368421,0.4009618376346873
49,-12.812756842105262,0.9785503501378847
50,-12.218095263157895,0.9222534211967758
51,-6.704328421052631,0.40026217256539875
52,-7.04887894736842,0.4328809547153356
53,-9.536316315789474,0.6683679774742977
54,-11.168636315789474,0.8229005827450416
55,-5.857757368421053,0.32011683935257657
56,-10.141142105263159,0.7256271576487139
57,-10.417532105263158,0.7517931464075239
58,-12.430651578947367,0.9423762410150089
59,-9.063630526315789,0.6236185615988401
60,-11.302348421052631,0.8355591790880085
61,-3.6295836842105267,0.10917444789945176
62,-11.18519,0.824467728860927
63,-9.629472105263158,0.6771870857639843
64,-10.314337894736843,0.7420236954411147
65,-12.898515263157895,0.9866691456125276
66,-6.552825789473684,0.38591933760456487
67,-8.76290052631579,0.5951482920542221
68,-11.11636947368421,0.8179524529176789
69,-3.402504736842105,0.08767676280156633
70,-3.514391578947368,0.09826914983722274
71,-6.337362631578948,0.36552132549337635
72,-5.55666,0.2916117908435401
73,-10.271049473684212,0.7379255575249463
74,-4.928607894736842,0.2321537629616963
75,-11.07013210526316,0.8135751365808279
76,-8.667499473684211,0.5861166235034911
77,-9.734965789473684,0.6871742291308864
78,-11.741108421052632,0.8770968223740013
79,-9.331452105263159,0.6489733733651979
80,-11.82535,0.8850720175972773
81,-10.339176842105262,0.7443752118404878
82,-10.97732,0.8047885650587133
83,-9.145746842105263,0.6313925570250938
84,-10.191816842105263,0.7304245620213979
85,-12.58783894736842,0.9572572530455897
86,-12.130885263157895,0.9139972039687437
87,-7.643272631578948,0.48915252191878145
88,-11.785915263157895,0.8813387100213261
89,-10.765535263157895,0.7847387910310781
90,-10.933844210526317,0.8006726888741594
91,-12.865391578947369,0.9835333087562629
92,-12.07293947368421,0.9085114451641965
93,-11.46095052631579,0.8505741250102179
94,-11.07597157894737,0.8141279626699717
95,-9.127518421052633,0.6296668626788657
96,-9.88049947368421,0.7009519806598161
97,-9.821335789473684,0.6953509231107643
98,-13.075021578947368,1.0
99,-11.98739,0.9004124308483993
100,-12.605276315789473,0.9589080580171462
101,-12.924977894736841,0.9891743770623744
102,-11.977898947368422,0.8995139078321283
103,-10.659501578947369,0.7747005255760766
104,-5.760643157894736,0.3109229852299516
105,-8.198490526315789,0.5417152962317971
106,-7.354472631578948,0.4618116718390233
107,-5.10059947368421,0.24843629750110374
108,-7.009263684210526,0.42913055661675475
109,-5.916343157894737,0.3256631872985747
110,-10.708765789473684,0.7793643946699048
111,-5.48804947368421,0.2851163957123306
112,-7.668583157894737,0.4915486829486976
113,-9.581268421052632,0.6726236172622808
114,-9.308728421052631,0.6468221100575117
115,-7.6609142105263155,0.490822659609814
116,-10.828478421052631,0.7906976533702281
117,-12.537505263157895,0.9524921363074946
118,-9.302335263157895,0.6462168663887574
119,-8.437184736842106,0.5643126044897828
120,-8.188062631578948,0.5407280818735996
121,-8.670222105263157,0.5863743764876407
122,-13.12284052631579,1.0
123,-11.226252631578948,0.8283551501001247
124,-11.266877894736842,0.8322011654375581
125,-12.329332105263157,0.9327842723856461
126,-12.988718421052631,0.9952087266953554
127,-10.976863684210526,0.8047453653994715
128,-11.065171578947368,0.813105520907986
129,-4.99133947368421,0.23809259500901797
130,-10.711694210526316,0.7796416298533205
131,-11.00771,0.8076656025722998
132,-13.378314736842105,1.0
133,-11.932943684210526,0.8952579690845657
134,-9.164782105263157,0.6331946355438913
135,-12.26274052631579,0.9264800120789483
136,-11.128688421052631,0.8191186942374172
137,-5.009380526315789,0.23980055108686088
138,-8.511723684210526,0.5713692464049593
139,-7.268291578947369,0.45365286560732054
140,-10.755614210526316,0.7837995596853946
141,-9.481696842105263,0.6631971227601865
142,-6.107077894736842,0.3437201465956735
143,-5.526457894736843,0.28875254142493534
144,-6.722411052631578,0.4019740649443721
145,-5.123946315789474,0.25064655549915016
146,-10.000188421052632,0.7122829971632929
147,-11.074836842105263,0.8140205365277278
148,-11.785398421052632,0.8812897803034768
149,-9.809236315789475,0.6942054594818033
150,-11.71086052631579,0.8742332380414934
151,-10.038356842105264,0.7158964219478534
152,-8.073500000000001,0.5298823764208899
153,-6.481869473684211,0.3792018653323627
154,-2.352796315789474,0.0
155,-2.889346842105263,0.03909583112828265
156,-6.83383,0.41252215613566184
157,-8.429932105263157,0.5636259939888003
158,-5.123088421052631,0.25056533814671167
159,-9.06355,0.623610938129562
160,-2.7182357894736846,0.02289665648496687
161,-11.176424210526315,0.823637866894754
162,-12.429172631578947,0.9422362282785967
163,-9.857164736842106,0.6987428686734914
164,-12.093905789473684,0.9104963374658752
165,-10.026522105263158,0.714776021096976
166,-7.27285947368421,0.4540853106391075
167,-12.96946947368421,0.9933864185783431
168,-6.056852105263158,0.3389652443098789
169,-2.8756942105263157,0.037803329212790365
170,-5.948509473684211,0.3287083895756459
171,-11.588694210526317,0.8626676877478769
172,-9.94014105263158,0.7065982807585699
173,-11.075656842105262,0.8140981663652119
174,-7.420605789473685,0.4680725331800932
175,-7.764095263157895,0.5005908649113087
176,-9.760613684210526,0.6896023290092155
177,-11.511891578947369,0.8553967416407756
178,-12.119885789473685,0.9129558779266513
179,-4.956311578947369,0.23477648552629798
180,-11.848387894736842,0.8872530273831264
181,-8.615516315789472,0.581195350211689
182,-10.21314789473684,0.7324439841545122
183,-5.746728947368421,0.3096057194959551
184,-10.08933,0.720722078000803
185,-10.511333157894736,0.7606733421046273
186,-10.579092105263157,0.7670881178025575
187,-9.499457368421053,0.664878521262048
188,-13.709806842105264,1.0
189,-8.92429105263158,0.6104272192851545
190,-11.676694210526316,0.8709986946973879
191,-11.057437368421052,0.8123733190711256
192,-9.626351052631579,0.6768916140462176
193,-10.529146842105263,0.7623597730927443
194,-7.349831052631579,0.4613722510837138
195,-8.792866315789473,0.5979851693309589
196,-10.770225789473685,0.7851828456598701
197,-11.63326,0.8668867548139644
198,-14.25992052631579,1.0
199,-11.167633157894738,0.822805613251945
200,-8.88643,0.6068428932330013
201,-10.32357,0.7428977037718645
202,-7.236520526315789,0.45064508310428686
203,-1.9323542105263158,0.0
204,-5.7995052631578945,0.31460208146881513
205,-9.400716842105263,0.6555307029559662
206,-3.5916300000000003,0.1055813523662991
207,-4.531944210526316,0.19460140035060022
208,-9.890335263157894,0.7018831400968523
209,-10.47836,0.757551755654987
210,-5.65889052631579,0.30129000931159683
211,-6.286271052631579,0.36068445845619446
212,-12.222665263157895,0.9226860655349494
213,-10.388658947368421,0.7490597091453037
214,-8.401797894736843,0.5609625132681898
215,-8.369141052631578,0.5578708726030984
216,-8.118137894736842,0.5341082697307098
217,-11.051886315789474,0.8118477979569122
218,-8.045185263157896,0.5272018051776495
219,-10.726685263157895,0.7810608408039361
220,-6.395404736842105,0.37101620256509904
221,-9.026478947368423,0.6201014017988877
222,-9.997964736842105,0.7120724797927086
223,-8.180645263157896,0.5400258756478852
224,-6.581799999999999,0.3886623415733299
225,-10.727898421052632,0.7811756911090713
226,-10.913663684210526,0.7987621876811862
227,-9.902452105263158,0.703030248003501
228,-11.932722631578947,0.8952370419139986
229,-11.46602947368421,0.851054951667292
230,-6.9747394736842105,0.4258621311869694
231,-9.860713684210527,0.6990788494142841
232,-10.541806315789474,0.7635582522204752
233,-5.713453157894737,0.30645548275327644
234,-7.637643157894736,0.48861957664167627
235,-9.486403684210526,0.6636427220134727
236,-12.344597368421052,0.9342294429930839
237,-11.959703157894737,0.8977913027348883
238,-3.259198421052632,0.07410987742939712
239,-9.50919947368421,0.6658008115648916
240,-13.161157368421053,1.0
241,-11.512772105263158,0.8554801015368674
242,-10.373586842105263,0.7476328248988137
243,-11.378725263157895,0.8427898154784704
244,-11.943,0.8962100058655722
245,-11.441187894736842,0.8487031861349356
246,-10.048018421052632,0.716811088781419
247,-2.1366436842105263,0.0
248,-9.687435263157894,0.682674488846219
249,-10.788357368421053,0.7868993719123261
250,-8.160685789473684,0.5381363016254789
251,-8.513354210526316,0.5715236092011889
252,-5.234071578947368,0.2610721729160266
253,-3.760638947368421,0.12158151958284251
254,-7.4663468421052634,0.4724028630363616
255,-6.2403505263157895,0.3563371377304895
256,-6.056774736842105,0.3389579198001804
257,-5.671694736842105,0.30250219075338924
258,-9.776617894736843,0.691117456158263
259,-10.189338421052632,0.7301899285780652
260,-11.552033157894737,0.8591969663359443
261,-9.856367894736842,0.6986674312062571
262,-8.938373684210527,0.6117604295300592
263,-2.525237368421053,0.004625392995943162
264,-8.335661578947368,0.5547013529675403
265,-7.9820868421052635,0.5212282439925059
266,-10.396997894736842,0.7498491617416437
267,-5.814387368421053,0.316010978313937
268,-5.974879473684211,0.33120485154449364
269,-10.112665263157895,0.7229312398137244
270,-11.415149473684211,0.8462381149219385
271,-9.73376157894737,0.6870602258778933
272,-10.456514210526315,0.7554836031104094
273,-7.605250000000001,0.4855528991014758
274,-10.633383684210527,0.7722279305469946
275,-8.75496052631579,0.5943966080180958
276,-10.260125263157894,0.7368913566861659
277,-11.781764210526315,0.8809457276540366
278,-9.285129473684211,0.6445879851196997
279,-9.717580526315789,0.6855283569923922
280,-9.09458052631579,0.6265486146111965
281,-7.71875,0.49629800465567436
282,-11.089534736842106,0.8154119940640441
283,-7.909841578947368,0.5143887463852598
284,-7.9066868421052625,0.5140900857653113
285,-9.827726842105264,0.6959559674731323
286,-9.025736842105264,0.6200311462976986
287,-9.121183684210527,0.6290671497623327
288,-8.42820947368421,0.563462911538168
289,-10.747571578947367,0.7830381594629335
290,-6.907152631578948,0.41946364878612363
291,-11.212634210526316,0.8270658869134108
292,-7.240620526315789,0.4510332322917073
293,-6.671991052631579,0.39720077664443654
294,-10.76027947368421,0.7842412226375504
295,-11.98564157894737,0.900246906894534
296,-6.92289052631579,0.42095356367729747
297,-6.99892,0.42815131451401117
298,-8.85791947368421,0.6041437864958303
299,-10.374935789473685,0.7477605304658688
300,-10.609427368421052,0.769959973350099
301,-8.74829052631579,0.5937651555595364
302,-13.09513947368421,1.0
303,-11.998716315789473,0.9014846992069725
304,-3.106352631578947,0.05963988499407061
305,-11.100125789473685,0.816414654667184
306,-12.33566,0.9333833375564234
307,-10.728618947368421,0.7812439037198001
308,-8.866673157894738,0.6049725024502817
309,-10.112663684210526,0.7229310903339345
310,-13.58639947368421,1.0
311,-12.292474210526315,0.9292949158265895
312,-12.110248421052631,0.9120435031165287
313,-11.621659473684211,0.8657885267985687
314,-8.789100526315789,0.5976286600323718
315,-8.739091578947368,0.5928942863043715
316,-7.047311578947369,0.43273257111069674
317,-0.7268057894736842,0.0
318,-5.020776842105263,0.24087944638278053
319,-9.871009473684211,0.7000535572967382
320,-4.673545263157894,0.20800684754982438
321,-6.1042,0.3434476947655304
322,-6.75018,0.4046029660069508
323,-6.133167894736842,0.3461901008151364
324,-7.460882105263159,0.4718855134839886
325,-12.632616842105264,0.9614964002301022
326,-10.49527052631579,0.759152684203359
327,-9.31561789473684,0.6474743402068482
328,-3.7159999999999997,0.11735552661982926
329,-11.68194894736842,0.8714961634377222
330,-12.903498947368421,0.9871409536556192
331,-9.573187894736842,0.6718586295248654
332,-12.532176315789474,0.9519876420170412
333,-12.869300526315788,0.9839033708891216
334,-12.285362631578947,0.9286216588534928
335,-11.44898894736842,0.8494417159495625
336,-9.58550052631579,0.6730242729254448
337,-8.120012631578946,0.5342857520677561
338,-12.029477368421052,0.9043968644711537
339,-8.510062105263158,0.5712119438395311
340,-12.700104210526314,0.9678854654041928
341,-11.243845789473685,0.8300207037442713
342,-11.17056052631579,0.8230827487821673
343,-9.409917894736843,0.6564017715175174
344,-11.228555263157894,0.828573141460197
345,-12.998551052631578,0.9961395871728123
346,-11.738066315789473,0.8768088246457227
347,-13.41408947368421,1.0
348,-10.938941578947368,0.8011552594621139
349,-13.383493684210526,1.0
350,-12.150962105263158,0.9158978893221887
351,-10.134533684210526,0.7250015349019551
352,-11.837321578947368,0.8862053733632674
353,-7.418225263157895,0.4678471674837257
354,-6.860950526315789,0.415089670831244
355,-6.71883947368421,0.40163594165992605
356,-13.33938052631579,1.0
357,-11.43563,0.8481770172749664
358,-11.729698947368421,0.8760166814131671
359,-11.624846315789474,0.8660902268409091
360,-7.691084736842105,0.49367891943262354
361,-9.39331105263158,0.6548295929153768
362,-10.828059999999999,0.7906580412259406
363,-12.93182052631579,0.9898221726446149
364,-11.831209473684211,0.8856267370970913
365,-8.096451578947368,0.5320552146448986
366,-12.917914210526316,0.9885056543095673
367,-9.675887368421053,0.681581243490482
368,-8.86239,0.6045670136072485
369,-10.657823684210527,0.774541678386154
370,-8.15493052631579,0.5375914477917894
371,-9.034435263157894,0.6208546304595081
372,-8.802991578947369,0.5989437333961186
373,-10.926312105263158,0.7999596204503886
374,-9.46442052631579,0.661561564727186
375,-7.616509473684211,0.4866188394822825
376,-8.632644736842105,0.5828169069710484
377,-9.22041894736842,0.6384618050692071
378,-10.795788947368422,0.7876029234561485
379,-10.541284736842107,0.7635088740632566
380,-9.02867947368421,0.6203097267992219
381,-11.955901052631578,0.8974313554011366
382,-11.406429473684211,0.8454125878696688
383,-9.951326842105264,0.7076572454158543
384,-10.503598421052631,0.7599410904411705
385,-10.880448421052632,0.7956176809971155
386,-13.464438947368421,1.0
387,-9.917745789473685,0.7044781092471546
388,-1.9781305263157893,0.0
389,-7.823696315789474,0.506233328362125
390,-10.370734736842104,0.7473628145719033
391,-10.019865789473684,0.7141458641299278
392,-10.824327368421052,0.7903046710029386
393,-10.852680526315789,0.7929888795877299
394,-12.378468947368422,0.9374360834431001
395,-8.068624210526314,0.5294207828300985
396,-10.528247368421052,0.7622746194391754
397,-4.271592631578947,0.1699537774696157
398,-5.561595789473684,0.29207906466634226
399,-10.042430000000001,0.7162820299788479
400,-7.029842631578948,0.431078776543345
401,-11.63555052631579,0.8671036001623152
402,-10.437628421052631,0.7536956753450428
403,-12.40993894736842,0.9404153651328854
404,-10.776325263157895,0.7857602860877284
405,-11.197512105263158,0.8256342691402447
406,-10.746536842105263,0.7829402003740416
407,-9.05308105263158,0.6226198372968307
408,-13.42688052631579,1.0
409,-8.796879473684209,0.5983650971299421
410,-9.536980526315789,0.6684308586391916
411,-9.68888052631579,0.6828113126804496
412,-3.4251142105263157,0.08981721373779293
413,-7.545306842105263,0.4798780483628771
414,-10.541888947368422,0.7635660749961396
415,-8.790726315789474,0.5977825743892322
416,-6.289323157894737,0.3609734028898081
417,-5.453946315789474,0.28188783155981567
418,-7.565086842105263,0.48175063151584674
419,-5.2377199999999995,0.2614175708835744
420,-9.003802631578948,0.6179546228848943
421,-12.503957894736843,0.9493161890409765
422,-8.154448421052631,0.5375458066293147
423,-5.460671578947368,0.28252451581101684
424,-7.852603684210526,0.5089700043531233
425,-6.926963157894737,0.42133912188169526
426,-9.001234736842106,0.6177115189201415
427,-0.5148863157894737,0.0
428,-5.864892631578947,0.32079233852251976
429,-5.615343157894737,0.29716735670990707
430,-4.281944736842105,0.17093381679790473
431,-7.9519168421052635,0.518372033996293
432,-8.720974210526316,0.5911791053700234
433,1.0055136842105263,0.0
434,-6.67789052631579,0.39775928296559127
435,-8.884544736842106,0.6066644143640232
436,-11.48163105263158,0.8525319614699496
437,-5.782946842105264,0.3130344869135606
438,-6.418201052631579,0.3731743419431144
439,-9.697481578947368,0.6836255789218904
440,-10.262618421052633,0.7371273852742034
441,-1.0939347368421053,0.0
442,-6.346488421052632,0.3663852688516154
443,-9.30472052631579,0.6464426805244943
444,1.2864836842105263,0.0
445,-2.6206057894736845,0.013653972297685727
446,-9.163882631578947,0.6331094818903225
447,-9.744545263157894,0.6880811230153844
448,-2.5812763157894736,0.009930630041052053
449,-10.613615263157895,0.7703564435791499
450,-11.110344736842105,0.8173820878665361
451,-7.218262631578947,0.4489165984686497
452,-9.133085789473684,0.6301939284175733
453,-11.647373157894737,0.8682228550014712
454,-11.049868421052631,0.811656762785594
455,-10.494027368421053,0.7590349937822181
456,-7.847038947368421,0.5084431877473986
457,-12.151682105263157,0.9159660521063212
458,-10.508171578947369,0.7603740337389234
459,-13.206644736842104,1.0
460,-9.240541578947369,0.6403668253365555
461,-9.045888421052632,0.6219389070278593
462,-7.764683157894736,0.5006465212196973
463,-8.990632105263158,0.6167077621318766
464,-4.524613684210526,0.19390741551332277
465,-6.976009473684211,0.4259823627645363
466,-9.717963157894737,0.6855645809281117
467,-9.293072631578946,0.6453399681154054
468,-10.35548052631579,0.7459186903229938
469,-9.478515789473684,0.6628959708104087
470,-8.655595789473685,0.5849896953684607
471,-9.411537894736842,0.6565551377818152
472,-7.516458947368422,0.47714700277729327
473,-8.713404736842104,0.590462499257895
474,-11.455305263157895,0.8500396849352152
475,-13.868748421052631,1.0
476,-4.273819473684211,0.17016459379977947
477,-6.2712699999999995,0.35926430080024363
478,-11.95219947368421,0.8970809249473334
479,-3.4548699999999997,0.09263421020249112
480,-10.153026842105263,0.726752292026267
481,-9.630384736842105,0.6772734850824679
482,-9.754587368421053,0.6890318144782831
483,-8.990395789473684,0.6166853899900085
484,-2.605018947368421,0.01217835763973256
485,-12.21121052631579,0.9216016394868086
486,-6.050751578947368,0.3383877042288275
487,-7.594984736842105,0.4845810811616237
488,-9.065208421052631,0.6237679417354108
489,-10.769403157894738,0.7851049666894032
490,-7.446956315789473,0.470567151564867
491,-9.323626842105263,0.6482325515271277
492,-9.607986842105262,0.6751530644380696
493,-6.433915263157894,0.3746620146374418
494,-5.4426073684210525,0.28081436736292414
495,-3.794151052631579,0.12475412846738916
496,-9.788195263157894,0.6922134918034087
497,-0.8217257894736841,0.0
498,-6.3678294736842105,0.36840563769006485
499,-10.487485263157895,0.7584156491866295
500,-11.733861052631578,0.8764107101389846
501,-9.201622631578948,0.6366823478252606
502,-10.656925263157895,0.7744566243857782
503,-10.94467052631579,0.8016976219659742
504,-8.011052105263158,0.5239704009091289
505,-11.55931,0.8598858688603698
506,-9.14440894736842,0.6312658978165672
507,-6.053170526315789,0.33861670726674586
508,-8.263259999999999,0.5478470568611075
509,-11.13359,0.819582729331441
510,-5.1907,0.25696616239759723
511,-11.703567894736842,0.8735428407191702
512,-11.626600000000002,0.8662562490607404
513,-12.48341105263158,0.9473710085367784
514,-9.996897894736842,0.7119714812814247
515,-8.734594210526316,0.5924685180365272
516,-6.807681052631578,0.41004662133738096
517,-7.524283684210526,0.4778877747887667
518,-8.835255789473683,0.601998203420155
519,-8.070434736842104,0.5295921863223613
520,-12.157664736842106,0.9165324310297369
521,-9.148783684210526,0.6316800564874065
522,-5.114906315789474,0.249790733876155
523,-10.658331578947369,0.7745897610518614
524,-12.192247368421054,0.9198063872117435
525,-11.936754736842104,0.895618763470459
526,-11.37283052631579,0.842231757596685
527,-8.794562105263157,0.5981457106251654
528,-9.726849999999999,0.6864059030114997
529,-13.120895789473684,1.0
530,-13.971192105263158,1.0
531,-10.507137368421052,0.760276124476628
532,-5.080634210526315,0.2465461753861352
533,-10.692312631578949,0.7778067654339682
534,-11.79600105263158,0.8822935370917417
535,-9.251094736842106,0.6413658984247412
536,-9.15647894736842,0.6324085711561194
537,-11.300626842105263,0.8353961962905692
538,-6.18068947368421,0.35068899404766196
539,-8.566495789473684,0.576554550832081
540,-4.136500526315789,0.15716453579039508
541,-7.599647368421053,0.4850224949807967
542,-5.418535789473684,0.2785354981413761
543,-10.632491578947368,0.7721434744657779
544,-6.444875789473684,0.37569965351138657
545,-8.900877894736842,0.6082106831359381
546,-11.776208421052631,0.8804197581004539
547,-8.02544105263158,0.525332610233248
548,-11.562629473684211,0.8602001252050503
549,-10.748406315789474,0.783117184445122
550,-11.267784210526315,0.8322869668368824
551,-12.385832105263159,0.9381331575293661
552,-7.793574736842106,0.5033817024127982
553,-12.446571052631578,0.9438833460820057
554,-7.916207368421053,0.5149913990709915
555,-8.76484105263158,0.5953320027158421
556,-9.833958421052632,0.696545914376734
557,-3.3943647368421055,0.08690614465873663
558,-6.791061052631579,0.40847319707032576
559,-8.498125789473685,0.5700819264555123
560,-9.894955263157895,0.7023205179617017
561,-9.545845263157895,0.6692700880055231
562,-11.130045789473684,0.8192471970300175
563,-9.728937368421052,0.6866035152935677
564,-4.267564736842106,0.16957245452592792
565,-9.600202105263158,0.6744160792479368
566,-7.66527,0.49123502452317613
567,-8.792701578947367,0.5979695736062268
568,-3.468152105263158,0.09389163419398552
569,-7.73886105263158,0.49820192873789787
570,-13.214085263157894,1.0
571,-8.944015263157894,0.6122945208188857
572,-10.279245263157895,0.7387014572870143
573,-7.6779905263157895,0.49243928353611116
574,-11.978553684210526,0.8995758921182837
575,-1.5761468421052631,0.0
576,-8.555323157894737,0.5754968318397112
577,-12.335204210526316,0.9333401877237782
578,-10.320974736842105,0.7426520088240891
579,-7.931781578947368,0.5164658178906264
580,-11.801894210526317,0.8828514454937373
581,-10.56879,0.7661128120009444
582,-10.381039999999999,0.748338419333096
583,-7.177557368421053,0.44506300948853517
584,-10.929044736842105,0.8002183201398735
585,-8.134148947368422,0.5356240446255129
586,-8.053531578947368,0.5279919553463416
587,-11.44341105263158,0.8489136536789235
588,-12.523772105263157,0.9511920109227243
589,-7.753905789473684,0.49962622200136525
590,-9.680962105263157,0.6820616715347833
591,-9.962129473684211,0.7086799363108226
592,-6.1701926315789475,0.3496952524053113
593,-8.194592105263158,0.5413462306308701
594,-7.732826842105263,0.49763066680801654
595,-10.668766315789474,0.7755776231558149
596,-7.791066842105264,0.5031442786800565
597,-9.604028947368421,0.6747783684317281
598,-10.234990526315789,0.7345118377395102
599,-9.259096842105263,0.6421234619992648
600,-11.408794210526315,0.8456364587681384
601,-6.562306842105263,0.3868169139155008
602,-11.105364736842105,0.8169106286096206
603,-12.079335263157896,0.9091169379659337
604,-9.692344210526315,0.683139221512595
605,-7.675017894736842,0.49215786291858227
606,-11.070500526315788,0.8136100151984395
607,-10.426442631578947,0.7526367106877585
608,-10.654190526315789,0.7741977253899072
609,-10.524134210526316,0.7618852245868404
610,-8.57890894736842,0.5777297111126085
611,-11.15246,0.82136916229891
612,-9.661557368421052,0.6802246147451809
613,-6.459550526315789,0.3770889186774527
614,-6.878855263157895,0.4167847218205707
615,-11.484825789473684,0.8528344089112385
616,-10.58933052631579,0.7680573945859838
617,-6.791545789473684,0.40851908736578324
618,-8.35830947368421,0.5568454412453179
619,-12.435546315789475,0.9428396283632774
620,-9.335896842105262,0.6493941589733833
621,-11.231122631578948,0.8288161955983534
622,-12.305393684210527,0.930518009293035
623,-0.6909584210526315,0.0
624,-8.246878421052633,0.5462962040423068
625,-5.878117894736842,0.3220443812415827
626,-5.9894105263157895,0.33258051404969124
627,-7.681624210526316,0.4927832863589546
628,-9.197709473684212,0.6363118870796289
629,-6.80042947368421,0.4093601104895918
630,-9.684158421052631,0.6823642684558621
631,-9.57612105263158,0.6721363131476503
632,-9.419075789473686,0.6572687542981485
633,-5.914074736842105,0.32544843466728046
634,-10.91774052631579,0.7991481444983568
635,-8.719174736842106,0.5910087482362891
636,-5.173944210526316,0.25537988286862223
637,-9.681625263157896,0.6821244530464843
638,-11.925665789473683,0.8945689669069468
639,-12.56941894736842,0.9555134218182035
640,-10.22577894736842,0.7336397726460273
641,-9.744728421052633,0.6880984626709972
642,-9.30381947368421,0.6463573773911356
643,-13.019185263157894,0.9980930388920439
644,-8.329204736842106,0.554090080280599
645,-11.063695263157895,0.8129657573045569
646,-11.44359052631579,0.8489306445483599
647,-10.11242,0.7229080206197144
648,-8.49662,0.569939372562674
649,-8.571755263157895,0.5770524680117848
650,-11.974145789473685,0.8991585943718592
651,-12.421964736842105,0.9415538530383244
652,-7.106477368421052,0.43833382796613474
653,-12.931613157894736,0.9898025409655593
654,-10.842400526315789,0.7920156665031732
655,-8.267166315789472,0.5482168698609835
656,-5.623587894736842,0.2979478903454578
657,-9.687165789473685,0.682648977628766
658,-8.003553157894737,0.5232604715609435
659,-9.33997105263158,0.649779866657571
660,-7.313463157894738,0.45792928308608083
661,-8.442401578947369,0.5648064857151629
662,-6.5062189473684215,0.38150704299690924
663,-6.3733815789473685,0.3689312584574715
664,-11.821056842105262,0.8846655820489091
665,-6.444853684210526,0.3756975607943298
666,-13.664243157894738,1.0
667,-12.790192631578947,0.9764141842889646
668,-11.912005789473685,0.8932757674191024
669,-12.945820000000001,0.9911475102872588
670,-12.60567947368421,0.9589462251901326
671,-13.453986842105264,1.0
672,-10.718432105263158,0.7802795099428398
673,-12.82791947368421,0.9799858045589881
674,-13.405665263157895,1.0
675,-11.023245263157895,0.8091363342237875
676,-10.915997368421053,0.7989831188104574
677,-11.357665263157894,0.8407960540425987
678,-11.465042631578948,0.8509615267986895
679,-11.060605263157894,0.8126732253559888
680,-9.903989473684211,0.7031757914921345
681,-10.869322105263159,0.7945643467452453
682,-6.703291578947368,0.4001640141701205
683,-13.887946315789472,1.0
684,-9.93335105263158,0.7059554678359883
685,-10.70766052631579,0.7792597588170703
686,-10.397822105263158,0.7499271901919006
687,-11.238331578947369,0.8294986704918191
688,-12.620168947368422,0.9603179513942
689,-11.418533684210527,0.846558499937999
690,-11.902986315789475,0.8924218890333744
691,-9.272384210526315,0.6433813842567251
692,-13.905806842105264,1.0
693,-9.644152105263158,0.6785768491960164
694,-12.523337894736843,0.9511509039805394
695,-12.36481,0.9361429836084489
696,-12.903012631578948,0.9870949138803718
697,-11.67017894736842,0.870381891258225
698,-7.5644526315789475,0.4816905904669582
699,-6.1333899999999995,0.3462111276388965
700,-12.61192,0.9595370191458763
701,-11.943024736842105,0.8962123477156116
702,-10.275686842105262,0.7383645796674828
703,-8.637428421052633,0.5832697809074368
704,-11.35857842105263,0.8408825031876788
705,-9.34464947368421,0.6502227752746416
706,-12.774510526315789,0.9749295510170293
707,-10.335956315789474,0.7440703228959661
708,-14.20169947368421,1.0
709,-10.729331578947368,0.7813113689315805
710,-11.646870526315789,0.8681752706017297
711,-10.97087105263158,0.8041780397707206
712,-13.661568947368423,1.0
713,-13.711007894736841,1.0
714,-12.743986842105263,0.9720398575479093
715,-8.701531578947368,0.5893384610654666
716,-13.742431578947368,1.0
717,-8.434581052631579,0.564066112316462
718,-11.063777894736843,0.8129735800802214
719,-9.961798421052631,0.7086485953815687
720,-11.398162105263157,0.8446299116904644
721,-14.180046315789474,1.0
722,-11.967320526315788,0.898512443067306
723,-12.058992631578947,0.9071910901812115
724,-12.345397894736841,0.9343052292464942
725,-13.235396842105262,1.0
726,-12.36899947368421,0.9365396033172894
727,-5.821694210526315,0.3167027209543679
728,-13.883416842105262,1.0
729,-13.888826315789473,1.0
730,-11.89079105263158,0.8912673569638341
731,-13.42522894736842,1.0
732,-11.295699473684211,0.8349297196933128
733,-11.616126842105263,0.8652647496152358
734,-8.228078421052633,0.544516398012184
735,-13.286003157894736,1.0
736,-12.767025263157894,0.9742209171603549
737,-7.954494210526316,0.5186160348397842
738,-7.913819473684211,0.5147653358022718
739,-13.030324736842104,0.9991476188088286
740,-9.908305789473685,0.7035844194107526
741,-4.501356842105263,0.19170567786329298
742,-11.364553157894738,0.841448134712146
743,-11.432315263157895,0.8478632093696554
744,-12.340125789473683,0.9338061162284724
745,-13.056049473684212,1.0
746,-12.449565263157895,0.9441668095899949
747,-11.82343105263158,0.8848903498261176
748,-12.346892105263157,0.9344466869542075
749,-13.09107052631579,1.0
750,-11.803813157894737,0.883033113264897
751,-13.748984210526316,1.0
752,-11.910685263157895,0.893150752488263
753,-14.395866842105264,1.0
754,-12.737671052631578,0.9714419383888534
755,-11.660550526315788,0.8694703635002443
756,-11.483295789473685,0.8526895629949574
757,-12.479458947368421,0.9469968606229989
758,-12.228232105263158,0.9232130814470605
759,-12.806434736842105,0.97795183305967
760,-12.088082631578947,0.909945056001226
761,-13.467606842105264,1.0
762,-11.463221052631578,0.8507890769478982
763,-12.469951578947368,0.9460967929822338
764,-12.866873157894737,0.9836735706256579
765,-11.463334736842105,0.8507998394927615
766,-13.144017894736841,1.0
767,-11.474156315789473,0.8518243241452069
768,-12.320454736842105,0.9319438471809965
769,-6.955283684210525,0.42402024121749793
770,-12.20791052631579,0.9212892267262016
771,-10.623869473684211,0.7713272151604736
772,-7.053384736842105,0.43330752020872537
773,-9.291026842105262,0.645146292134468
774,-11.071006842105263,0.813657948384357
775,-4.891575789473684,0.22864791379916918
776,-8.95034894736842,0.6128941340822255
777,-8.764558947368421,0.5953052956600708
778,-11.835945789473683,0.8860751266397865
779,-6.246903157894737,0.3569574788580098
780,-12.465984210526315,0.9457212000971533
781,-13.277393157894736,1.0
782,-13.461632105263158,1.0
783,-11.801923684210527,0.8828542357831463
784,-11.342901578947368,0.8393983681817093
785,-12.309403157894737,0.9308975883058422
786,-13.990633684210527,1.0
787,-12.13851842105263,0.914719839099059
788,-10.775981578947368,0.7857277493201563
789,-8.75780105263158,0.5946655221598812
790,-13.136487894736842,1.0
791,-8.28472052631579,0.5498787363369826
792,-3.254556842105263,0.07367045667408763
793,-8.751226842105263,0.5940431381419006
794,-7.629478421052632,0.48784661664880696
795,-4.84108,0.22386745046932488
796,-6.565032105263158,0.3870749160326334
797,-10.534823157894737,0.7628971529369458
798,-5.073113684210527,0.24583420314748958
799,-12.55447842105263,0.9540989942208604
800,-7.554347894736843,0.4807339696390656
801,-11.62325894736842,0.8659399498255994
802,-12.034682631578947,0.9048896495114092
803,-9.32824894736842,0.6486701286983634
804,-12.22586105263158,0.9229886126294314
805,-7.267075789473683,0.45353776616920216
806,-9.229685263157895,0.6393390521287352
807,-4.229227368421053,0.1659430354038626
808,-5.146445789473685,0.2527765926766899
809,-5.858611578947368,0.3201977079188388
810,-8.001798947368421,0.5230943995145156
811,-11.184313157894737,0.8243847177510114
812,-11.289267894736843,0.8343208386830077
813,-8.93194894736842,0.6111521962655095
814,-11.029347894736842,0.8097140736112252
815,-14.000604736842105,1.0
816,-9.174904210526316,0.6341529006494716
817,-11.636416315789475,0.8671855649137027
818,-7.994815789473684,0.5224333002309862
819,-5.182925789473684,0.2562301737393961
820,-10.230687368421053,0.7341044554858069
821,-8.551442631578947,0.5751294603430681
822,-11.82773947368421,0.8852982303457867
823,-11.449868421052633,0.8495249761924615
824,-10.370141578947369,0.7473066599975488
825,-12.306461052631578,0.9306190576309152
826,-12.652807368421053,0.9634078481284105
827,-13.63908157894737,1.0
828,-13.247263157894738,1.0
829,-11.044267894736842,0.8111265579713013
830,-13.013693684210526,0.997573148183245
831,-11.686583684210527,0.8719349364472762
832,-9.096537368421053,0.6267338698973106
833,-10.605443157894737,0.769582786013928
834,-11.157867894736842,0.8218811305788515
835,-7.598054210526317,0.4848716698729249
836,-13.61913157894737,1.0
837,-11.786697894736841,0.8814128021704524
838,-4.180141052631579,0.16129600769968092
839,-4.179262105263158,0.16121279728337898
840,-12.745109999999999,0.9721461875050279
841,-11.020713157894738,0.8088966184676027
842,-5.496961052631579,0.2859600596457583
843,0.02197894736842107,0.0
844,-12.617225789473684,0.9600393210660798
845,-9.133544210526315,0.6302373273832014
846,-3.4113073684210526,0.08851011262950037
847,-11.042584210526316,0.8109671626888164
848,-10.61173052631579,0.7701780145367684
849,-5.595741578947369,0.2953116647731808
850,-9.599715263157895,0.674369989646093
851,-9.795048947368421,0.6928623337441776
852,-11.817603157894737,0.8843386199220987
853,-8.033896315789475,0.5261330745074339
854,-5.879665263157895,0.32219087143555136
855,-2.99567,0.04916150121140752
856,1.7999805263157895,0.0
857,-0.149968947368421,0.0
858,-0.22099947368421055,0.0
859,-0.8389763157894737,0.0
860,-0.8714373684210527,0.0
861,-0.2121905263157895,0.0
862,-0.11751368421052633,0.0
863,1.4318763157894736,0.0
864,-1.5310442105263158,0.0
865,0.11404052631578945,0.0
866,1.1028347368421052,0.0
867,-3.4837384210526317,0.09536719902534205
868,-2.1045215789473684,0.0
869,-1.8444336842105264,0.0
870,-3.4972905263157896,0.09665018406088603
871,-6.406846842105264,0.37209943277492186
872,-5.097986842105263,0.24818895827564108
873,-0.3272084210526316,0.0
874,1.1361857894736842,0.0
875,-3.521612105263158,0.09895272091581332
876,-4.850983684210526,0.22480503753732092
877,-1.4396484210526317,0.0
878,-4.245534736842106,0.1674868626725447
879,-1.8662752631578947,0.0
880,-9.036068421052631,0.6210092423887206
881,-6.884181578947369,0.4172889669780411
882,-3.388313157894737,0.08633323845116798
883,-6.757474736842106,0.40529356263566024
884,-9.526134736842105,0.667404081963303
885,-3.2641605263157896,0.07457964258202861
886,-5.134714736842105,0.2516660076653403
887,-11.070173157894738,0.8135790230553619
888,-8.259655789473683,0.547505844327673
889,-1.7013299999999998,0.0
890,-3.828495263157895,0.12800551320114142
891,-6.895970526315789,0.41840503291501524
892,-6.247501052631579,0.3570140818717338
893,-1.2423747368421052,0.0
894,-4.631553157894737,0.20403143254105216
895,-5.935585789473684,0.327484897496428
896,-2.048854210526316,0.0
897,-1.3591936842105263,0.0
898,-4.608333157894736,0.20183318275278347
899,-5.1485473684210525,0.25297555027686564
900,-3.67909,0.1138612372277106
901,-6.2832026315789475,0.3603939693980865
902,-5.420808947368421,0.27875069921203965
903,-1.9776284210526314,0.0
904,-4.757057368421052,0.21591298311022947
905,-2.7759610526315788,0.028361537945543646
906,-1.0115194736842106,0.0
907,-1.7538642105263158,0.0
908,-7.603580526315789,0.4853948491370986
909,-5.815042105263157,0.3160729626000923
910,-3.741462631578947,0.11976608753615932
911,-7.02286,0.4304177270864121
912,-10.246884210526316,0.7356378191692056
913,-2.7639284210526314,0.027222402294349166
914,-6.723995789473684,0.40212409282669853
915,-6.654668421052631,0.39556083387093616
916,-4.0876284210526315,0.15253778751102473
917,-5.88394947368421,0.3225964599317775
918,-2.62085,0.013677091838502515
919,-3.72643,0.11834294028441336
920,-9.236180526315788,0.6399539621572273
921,-2.225283157894737,0.0
922,-6.101671578947368,0.3432083277955217
923,-6.554641578947368,0.38609123936279344
924,-2.507858947368421,0.0029801686032045246
925,-1.2285673684210527,0.0
926,-6.5108963157894735,0.38194985196078657
927,-5.268888421052631,0.26436830193351485
928,-3.5081400000000005,0.09767730952295076
929,-4.91182052631579,0.23056449383692598
930,-2.025337894736842,0.0
931,-2.417917894736842,0.0
932,-0.6921142105263157,0.0
933,-1.0186052631578948,0.0
934,-0.9700684210526316,0.0
