gene,hgvs_p,position,aa_ref,aa_alt,esm2_llr,pathogenicity_prob,rsa,zinc_dist,interface,mechanism
BRCA1,p.Met1Ala,1,M,A,-8.10409,0.7623,0.868,33.09,True,Interface BARD1
BRCA1,p.Met1Cys,1,M,C,-10.32903,0.7319,0.868,33.09,True,Interface BARD1
BRCA1,p.Met1Asp,1,M,D,-8.22612,0.9475,0.868,33.09,True,Interface BARD1
BRCA1,p.Met1Glu,1,M,E,-7.66291,0.9177,0.868,33.09,True,Interface BARD1
BRCA1,p.Met1Gly,1,M,G,-8.01245,0.8682,0.868,33.09,True,Interface BARD1
BRCA1,p.Met1His,1,M,H,-10.05771,0.942,0.868,33.09,True,Interface BARD1
BRCA1,p.Met1Lys,1,M,K,-8.39083,0.9691,0.868,33.09,True,Interface BARD1
BRCA1,p.Met1Asn,1,M,N,-8.50481,0.9316,0.868,33.09,True,Interface BARD1
BRCA1,p.Met1Pro,1,M,P,-9.41411,0.9493,0.868,33.09,True,Interface BARD1
BRCA1,p.Met1Gln,1,M,Q,-8.47641,0.9473,0.868,33.09,True,Interface BARD1
BRCA1,p.Met1Arg,1,M,R,-8.97957,0.9897,0.868,33.09,True,Interface BARD1
BRCA1,p.Met1Ser,1,M,S,-8.25058,0.8981,0.868,33.09,True,Interface BARD1
BRCA1,p.Met1Thr,1,M,T,-8.46461,0.8954,0.868,33.09,True,Interface BARD1
BRCA1,p.Met1Val,1,M,V,-8.63809,0.8271,0.868,33.09,True,Interface BARD1
BRCA1,p.Met1Trp,1,M,W,-12.15965,0.9201,0.868,33.09,True,Interface BARD1
BRCA1,p.Met1Tyr,1,M,Y,-10.79421,0.9453,0.868,33.09,True,Interface BARD1
BRCA1,p.Asp2Phe,2,D,F,-4.42878,0.6988,0.365,31.33,False,Intermediário
BRCA1,p.Asp2Gly,2,D,G,-2.51438,0.7731,0.365,31.33,False,Intermediário
BRCA1,p.Asp2Val,2,D,V,-2.86423,0.7042,0.365,31.33,False,Intermediário
BRCA1,p.Asp2Trp,2,D,W,-6.64078,0.7359,0.365,31.33,False,Intermediário
BRCA1,p.Ala5Pro,5,A,P,-0.96002,0.7067,0.552,33.55,False,Superfície
BRCA1,p.Arg7Met,7,R,M,-2.21536,0.7274,0.662,28.13,True,Interface BARD1
BRCA1,p.Arg7Trp,7,R,W,-4.16367,0.6998,0.662,28.13,True,Interface BARD1
BRCA1,p.Val11Asp,11,V,D,-6.08191,0.8226,0.343,23.99,True,Interface BARD1
BRCA1,p.Val11Gly,11,V,G,-3.32558,0.697,0.343,23.99,True,Interface BARD1
BRCA1,p.Val14Asp,14,V,D,-6.21917,0.8492,0.42,20.39,True,Interface BARD1
BRCA1,p.Val14Glu,14,V,E,-5.56155,0.6813,0.42,20.39,True,Interface BARD1
BRCA1,p.Val14Gly,14,V,G,-2.97046,0.6796,0.42,20.39,True,Interface BARD1
BRCA1,p.Val14Trp,14,V,W,-7.05818,0.8835,0.42,20.39,True,Interface BARD1
BRCA1,p.Ile15Asp,15,I,D,-8.8692,0.8521,0.045,17.71,True,Interface BARD1
BRCA1,p.Ile15Glu,15,I,E,-7.39306,0.8411,0.045,17.71,True,Interface BARD1
BRCA1,p.Ile15Gly,15,I,G,-6.40202,0.8504,0.045,17.71,True,Interface BARD1
BRCA1,p.Ile15Lys,15,I,K,-6.31384,0.7492,0.045,17.71,True,Interface BARD1
BRCA1,p.Ile15Asn,15,I,N,-6.33237,0.8008,0.045,17.71,True,Interface BARD1
BRCA1,p.Ile15Arg,15,I,R,-5.91728,0.7125,0.045,17.71,True,Interface BARD1
BRCA1,p.Ala17Pro,17,A,P,-2.54682,0.7885,0.394,16.67,True,Interface BARD1
BRCA1,p.Met18Asp,18,M,D,-10.40839,0.9535,0.319,14.84,True,Interface BARD1
BRCA1,p.Met18Glu,18,M,E,-9.52034,0.9511,0.319,14.84,True,Interface BARD1
BRCA1,p.Met18Gly,18,M,G,-8.07976,0.8698,0.319,14.84,True,Interface BARD1
BRCA1,p.Met18His,18,M,H,-7.52052,0.9064,0.319,14.84,True,Interface BARD1
BRCA1,p.Met18Lys,18,M,K,-9.59546,0.9747,0.319,14.84,True,Interface BARD1
BRCA1,p.Met18Asn,18,M,N,-8.54537,0.9324,0.319,14.84,True,Interface BARD1
BRCA1,p.Met18Pro,18,M,P,-7.8446,0.9436,0.319,14.84,True,Interface BARD1
BRCA1,p.Met18Gln,18,M,Q,-7.42927,0.923,0.319,14.84,True,Interface BARD1
BRCA1,p.Met18Arg,18,M,R,-9.40787,0.991,0.319,14.84,True,Interface BARD1
BRCA1,p.Met18Ser,18,M,S,-5.88117,0.8444,0.319,14.84,True,Interface BARD1
BRCA1,p.Met18Thr,18,M,T,-4.39468,0.7583,0.319,14.84,True,Interface BARD1
BRCA1,p.Met18Trp,18,M,W,-4.99631,0.6831,0.319,14.84,True,Interface BARD1
BRCA1,p.Met18Tyr,18,M,Y,-4.77542,0.7367,0.319,14.84,True,Interface BARD1
BRCA1,p.Gln19Pro,19,Q,P,-6.23332,0.7928,0.16,10.65,False,Intermediário
BRCA1,p.Lys20Cys,20,K,C,-6.43423,0.7409,0.584,11.64,False,Superfície
BRCA1,p.Lys20Phe,20,K,F,-8.60208,0.7981,0.584,11.64,False,Superfície
BRCA1,p.Lys20Leu,20,K,L,-6.05962,0.688,0.584,11.64,False,Superfície
BRCA1,p.Lys20Met,20,K,M,-6.02253,0.7094,0.584,11.64,False,Superfície
BRCA1,p.Lys20Pro,20,K,P,-7.57609,0.7766,0.584,11.64,False,Superfície
BRCA1,p.Lys20Val,20,K,V,-5.90979,0.7375,0.584,11.64,False,Superfície
BRCA1,p.Lys20Trp,20,K,W,-9.09394,0.8176,0.584,11.64,False,Superfície
BRCA1,p.Lys20Tyr,20,K,Y,-8.37995,0.7593,0.584,11.64,False,Superfície
BRCA1,p.Ile21Asp,21,I,D,-6.56554,0.7903,0.548,11.7,True,Interface BARD1
BRCA1,p.Ile21Lys,21,I,K,-6.0527,0.7258,0.548,11.7,True,Interface BARD1
BRCA1,p.Ile21Arg,21,I,R,-6.29857,0.7666,0.548,11.7,True,Interface BARD1
BRCA1,p.Ile21Trp,21,I,W,-8.21264,0.8632,0.548,11.7,True,Interface BARD1
BRCA1,p.Leu22Ala,22,L,A,-6.52418,0.7156,0.004,9.2,False,Núcleo estrutural (dobramento)
BRCA1,p.Leu22Asp,22,L,D,-12.02941,0.8964,0.004,9.2,False,Núcleo estrutural (dobramento)
BRCA1,p.Leu22Glu,22,L,E,-11.60926,0.9122,0.004,9.2,False,Núcleo estrutural (dobramento)
BRCA1,p.Leu22Gly,22,L,G,-9.23158,0.9201,0.004,9.2,False,Núcleo estrutural (dobramento)
BRCA1,p.Leu22His,22,L,H,-9.6234,0.8602,0.004,9.2,False,Núcleo estrutural (dobramento)
BRCA1,p.Leu22Lys,22,L,K,-11.32391,0.8768,0.004,9.2,False,Núcleo estrutural (dobramento)
BRCA1,p.Leu22Asn,22,L,N,-10.01274,0.918,0.004,9.2,False,Núcleo estrutural (dobramento)
BRCA1,p.Leu22Pro,22,L,P,-7.08521,0.9731,0.004,9.2,False,Núcleo estrutural (dobramento)
BRCA1,p.Leu22Gln,22,L,Q,-8.90659,0.9113,0.004,9.2,False,Núcleo estrutural (dobramento)
BRCA1,p.Leu22Arg,22,L,R,-10.56012,0.8532,0.004,9.2,False,Núcleo estrutural (dobramento)
BRCA1,p.Leu22Ser,22,L,S,-6.94385,0.8148,0.004,9.2,False,Núcleo estrutural (dobramento)
BRCA1,p.Leu22Trp,22,L,W,-9.97665,0.8676,0.004,9.2,False,Núcleo estrutural (dobramento)
BRCA1,p.Leu22Tyr,22,L,Y,-8.55101,0.9198,0.004,9.2,False,Núcleo estrutural (dobramento)
BRCA1,p.Glu23Pro,23,E,P,-9.62826,0.7664,0.184,7.01,False,Intermediário
BRCA1,p.Glu23Trp,23,E,W,-7.88998,0.7213,0.184,7.01,False,Intermediário
BRCA1,p.Cys24Ala,24,C,A,-12.15188,0.8132,0.04,2.41,False,Coordenação de zinco
BRCA1,p.Cys24Asp,24,C,D,-8.38518,0.9313,0.04,2.41,False,Coordenação de zinco
BRCA1,p.Cys24Glu,24,C,E,-11.33409,0.9802,0.04,2.41,False,Coordenação de zinco
BRCA1,p.Cys24Phe,24,C,F,-9.43592,0.9555,0.04,2.41,False,Coordenação de zinco
BRCA1,p.Cys24Gly,24,C,G,-7.18036,0.9901,0.04,2.41,False,Coordenação de zinco
BRCA1,p.Cys24His,24,C,H,-10.84928,0.9508,0.04,2.41,False,Coordenação de zinco
BRCA1,p.Cys24Lys,24,C,K,-11.85632,0.9721,0.04,2.41,False,Coordenação de zinco
BRCA1,p.Cys24Met,24,C,M,-13.71929,0.7669,0.04,2.41,False,Coordenação de zinco
BRCA1,p.Cys24Asn,24,C,N,-11.11026,0.9377,0.04,2.41,False,Coordenação de zinco
BRCA1,p.Cys24Pro,24,C,P,-14.35725,0.8794,0.04,2.41,False,Coordenação de zinco
BRCA1,p.Cys24Gln,24,C,Q,-12.436,0.9637,0.04,2.41,False,Coordenação de zinco
BRCA1,p.Cys24Arg,24,C,R,-7.33377,0.9657,0.04,2.41,False,Coordenação de zinco
BRCA1,p.Cys24Ser,24,C,S,-8.42492,0.9532,0.04,2.41,False,Coordenação de zinco
BRCA1,p.Cys24Thr,24,C,T,-12.82833,0.8764,0.04,2.41,False,Coordenação de zinco
BRCA1,p.Cys24Trp,24,C,W,-8.76975,0.987,0.04,2.41,False,Coordenação de zinco
BRCA1,p.Cys24Tyr,24,C,Y,-7.14364,0.9911,0.04,2.41,False,Coordenação de zinco
BRCA1,p.Pro25Asp,25,P,D,-7.41453,0.6922,0.273,4.43,False,Intermediário
BRCA1,p.Pro25Phe,25,P,F,-7.92153,0.8151,0.273,4.43,False,Intermediário
BRCA1,p.Pro25Ile,25,P,I,-7.91465,0.7198,0.273,4.43,False,Intermediário
BRCA1,p.Pro25Lys,25,P,K,-7.32264,0.7489,0.273,4.43,False,Intermediário
BRCA1,p.Pro25Met,25,P,M,-9.99605,0.7777,0.273,4.43,False,Intermediário
BRCA1,p.Pro25Arg,25,P,R,-6.53723,0.7972,0.273,4.43,False,Intermediário
BRCA1,p.Pro25Val,25,P,V,-6.87002,0.6801,0.273,4.43,False,Intermediário
BRCA1,p.Pro25Trp,25,P,W,-9.55727,0.8163,0.273,4.43,False,Intermediário
BRCA1,p.Pro25Tyr,25,P,Y,-7.57788,0.7643,0.273,4.43,False,Intermediário
BRCA1,p.Ile26Ala,26,I,A,-9.67756,0.7512,0.327,2.15,False,Coordenação de zinco
BRCA1,p.Ile26Asp,26,I,D,-13.28972,0.8521,0.327,2.15,False,Coordenação de zinco
BRCA1,p.Ile26Glu,26,I,E,-12.45582,0.8703,0.327,2.15,False,Coordenação de zinco
BRCA1,p.Ile26Phe,26,I,F,-9.32444,0.6866,0.327,2.15,False,Coordenação de zinco
BRCA1,p.Ile26Gly,26,I,G,-12.21376,0.8992,0.327,2.15,False,Coordenação de zinco
BRCA1,p.Ile26His,26,I,H,-13.01437,0.8255,0.327,2.15,False,Coordenação de zinco
BRCA1,p.Ile26Lys,26,I,K,-13.42639,0.8259,0.327,2.15,False,Coordenação de zinco
BRCA1,p.Ile26Asn,26,I,N,-10.92674,0.8876,0.327,2.15,False,Coordenação de zinco
BRCA1,p.Ile26Pro,26,I,P,-13.64729,0.9396,0.327,2.15,False,Coordenação de zinco
BRCA1,p.Ile26Gln,26,I,Q,-12.90562,0.8824,0.327,2.15,False,Coordenação de zinco
BRCA1,p.Ile26Arg,26,I,R,-14.00285,0.8296,0.327,2.15,False,Coordenação de zinco
BRCA1,p.Ile26Ser,26,I,S,-10.19964,0.8107,0.327,2.15,False,Coordenação de zinco
BRCA1,p.Ile26Thr,26,I,T,-9.63698,0.8219,0.327,2.15,False,Coordenação de zinco
BRCA1,p.Ile26Trp,26,I,W,-13.50762,0.8686,0.327,2.15,False,Coordenação de zinco
BRCA1,p.Ile26Tyr,26,I,Y,-11.16434,0.8986,0.327,2.15,False,Coordenação de zinco
BRCA1,p.Cys27Ala,27,C,A,-11.50434,0.8132,0.363,2.42,False,Coordenação de zinco
BRCA1,p.Cys27Asp,27,C,D,-10.12475,0.9352,0.363,2.42,False,Coordenação de zinco
BRCA1,p.Cys27Glu,27,C,E,-11.94003,0.9802,0.363,2.42,False,Coordenação de zinco
BRCA1,p.Cys27Phe,27,C,F,-6.88633,0.9312,0.363,2.42,False,Coordenação de zinco
BRCA1,p.Cys27Gly,27,C,G,-7.81144,0.9922,0.363,2.42,False,Coordenação de zinco
BRCA1,p.Cys27His,27,C,H,-9.71626,0.9508,0.363,2.42,False,Coordenação de zinco
BRCA1,p.Cys27Lys,27,C,K,-12.64632,0.9721,0.363,2.42,False,Coordenação de zinco
BRCA1,p.Cys27Met,27,C,M,-12.30334,0.7669,0.363,2.42,False,Coordenação de zinco
BRCA1,p.Cys27Asn,27,C,N,-11.7238,0.9377,0.363,2.42,False,Coordenação de zinco
BRCA1,p.Cys27Pro,27,C,P,-12.17023,0.8794,0.363,2.42,False,Coordenação de zinco
BRCA1,p.Cys27Gln,27,C,Q,-11.93927,0.9637,0.363,2.42,False,Coordenação de zinco
BRCA1,p.Cys27Arg,27,C,R,-7.16197,0.9649,0.363,2.42,False,Coordenação de zinco
BRCA1,p.Cys27Ser,27,C,S,-7.33407,0.9431,0.363,2.42,False,Coordenação de zinco
BRCA1,p.Cys27Thr,27,C,T,-11.34149,0.8764,0.363,2.42,False,Coordenação de zinco
BRCA1,p.Cys27Trp,27,C,W,-8.01123,0.9847,0.363,2.42,False,Coordenação de zinco
BRCA1,p.Cys27Tyr,27,C,Y,-6.78786,0.985,0.363,2.42,False,Coordenação de zinco
BRCA1,p.Leu28Ala,28,L,A,-9.83013,0.7406,0.595,4.77,False,Superfície
BRCA1,p.Leu28Asp,28,L,D,-11.19571,0.8964,0.595,4.77,False,Superfície
BRCA1,p.Leu28Glu,28,L,E,-10.00803,0.9122,0.595,4.77,False,Superfície
BRCA1,p.Leu28Gly,28,L,G,-10.37818,0.918,0.595,4.77,False,Superfície
BRCA1,p.Leu28His,28,L,H,-8.04446,0.8451,0.595,4.77,False,Superfície
BRCA1,p.Leu28Lys,28,L,K,-8.52956,0.8737,0.595,4.77,False,Superfície
BRCA1,p.Leu28Asn,28,L,N,-9.51594,0.9147,0.595,4.77,False,Superfície
BRCA1,p.Leu28Pro,28,L,P,-8.87063,0.9851,0.595,4.77,False,Superfície
BRCA1,p.Leu28Gln,28,L,Q,-6.56679,0.8513,0.595,4.77,False,Superfície
BRCA1,p.Leu28Arg,28,L,R,-8.49651,0.8498,0.595,4.77,False,Superfície
BRCA1,p.Leu28Ser,28,L,S,-7.92747,0.8284,0.595,4.77,False,Superfície
BRCA1,p.Leu28Thr,28,L,T,-7.8272,0.8381,0.595,4.77,False,Superfície
BRCA1,p.Leu28Trp,28,L,W,-7.14557,0.8505,0.595,4.77,False,Superfície
BRCA1,p.Leu28Tyr,28,L,Y,-7.46936,0.9001,0.595,4.77,False,Superfície
BRCA1,p.Glu29Ala,29,E,A,-6.65936,0.6898,0.537,3.6,False,Superfície
BRCA1,p.Glu29Cys,29,E,C,-6.34991,0.7355,0.537,3.6,False,Superfície
BRCA1,p.Glu29Phe,29,E,F,-8.84825,0.761,0.537,3.6,False,Superfície
BRCA1,p.Glu29Ile,29,E,I,-7.62872,0.7318,0.537,3.6,False,Superfície
BRCA1,p.Glu29Leu,29,E,L,-7.98999,0.7601,0.537,3.6,False,Superfície
BRCA1,p.Glu29Met,29,E,M,-8.43475,0.7158,0.537,3.6,False,Superfície
BRCA1,p.Glu29Pro,29,E,P,-15.72069,0.7676,0.537,3.6,False,Superfície
BRCA1,p.Glu29Val,29,E,V,-6.21501,0.7913,0.537,3.6,False,Superfície
BRCA1,p.Glu29Trp,29,E,W,-11.30138,0.7487,0.537,3.6,False,Superfície
BRCA1,p.Glu29Tyr,29,E,Y,-6.42008,0.6766,0.537,3.6,False,Superfície
BRCA1,p.Leu30Ala,30,L,A,-6.18285,0.7169,0.254,6.33,False,Intermediário
BRCA1,p.Leu30Asp,30,L,D,-8.70486,0.8964,0.254,6.33,False,Intermediário
BRCA1,p.Leu30Glu,30,L,E,-8.96633,0.9122,0.254,6.33,False,Intermediário
BRCA1,p.Leu30Gly,30,L,G,-8.83969,0.9182,0.254,6.33,False,Intermediário
BRCA1,p.Leu30His,30,L,H,-6.20542,0.7906,0.254,6.33,False,Intermediário
BRCA1,p.Leu30Lys,30,L,K,-8.77284,0.8742,0.254,6.33,False,Intermediário
BRCA1,p.Leu30Asn,30,L,N,-6.59838,0.847,0.254,6.33,False,Intermediário
BRCA1,p.Leu30Pro,30,L,P,-5.40144,0.7683,0.254,6.33,False,Intermediário
BRCA1,p.Leu30Gln,30,L,Q,-6.01743,0.798,0.254,6.33,False,Intermediário
BRCA1,p.Leu30Arg,30,L,R,-8.0033,0.8296,0.254,6.33,False,Intermediário
BRCA1,p.Leu30Ser,30,L,S,-5.84509,0.7144,0.254,6.33,False,Intermediário
BRCA1,p.Leu30Trp,30,L,W,-8.65204,0.8641,0.254,6.33,False,Intermediário
BRCA1,p.Leu30Tyr,30,L,Y,-7.13856,0.9039,0.254,6.33,False,Intermediário
BRCA1,p.Ile31Ala,31,I,A,-7.14739,0.7262,0.004,4.38,False,Núcleo estrutural (dobramento)
BRCA1,p.Ile31Asp,31,I,D,-10.44155,0.8521,0.004,4.38,False,Núcleo estrutural (dobramento)
BRCA1,p.Ile31Glu,31,I,E,-9.7669,0.8703,0.004,4.38,False,Núcleo estrutural (dobramento)
BRCA1,p.Ile31Gly,31,I,G,-9.23235,0.8793,0.004,4.38,False,Núcleo estrutural (dobramento)
BRCA1,p.Ile31His,31,I,H,-6.94468,0.7731,0.004,4.38,False,Núcleo estrutural (dobramento)
BRCA1,p.Ile31Lys,31,I,K,-6.35987,0.7526,0.004,4.38,False,Núcleo estrutural (dobramento)
BRCA1,p.Ile31Asn,31,I,N,-7.37522,0.8496,0.004,4.38,False,Núcleo estrutural (dobramento)
BRCA1,p.Ile31Pro,31,I,P,-5.73837,0.8023,0.004,4.38,False,Núcleo estrutural (dobramento)
BRCA1,p.Ile31Gln,31,I,Q,-6.24381,0.795,0.004,4.38,False,Núcleo estrutural (dobramento)
BRCA1,p.Ile31Arg,31,I,R,-7.42164,0.7889,0.004,4.38,False,Núcleo estrutural (dobramento)
BRCA1,p.Ile31Ser,31,I,S,-6.04741,0.7451,0.004,4.38,False,Núcleo estrutural (dobramento)
BRCA1,p.Ile31Trp,31,I,W,-6.36833,0.8189,0.004,4.38,False,Núcleo estrutural (dobramento)
BRCA1,p.Lys32Ala,32,K,A,-6.39901,0.7466,0.667,6.3,False,Superfície
BRCA1,p.Lys32Phe,32,K,F,-7.80078,0.784,0.667,6.3,False,Superfície
BRCA1,p.Lys32Gly,32,K,G,-7.23529,0.7442,0.667,6.3,False,Superfície
BRCA1,p.Lys32Ile,32,K,I,-5.97352,0.6814,0.667,6.3,False,Superfície
BRCA1,p.Lys32Met,32,K,M,-6.61598,0.7245,0.667,6.3,False,Superfície
BRCA1,p.Lys32Pro,32,K,P,-9.44819,0.7929,0.667,6.3,False,Superfície
BRCA1,p.Lys32Val,32,K,V,-5.8367,0.6979,0.667,6.3,False,Superfície
BRCA1,p.Lys32Trp,32,K,W,-7.77008,0.7912,0.667,6.3,False,Superfície
BRCA1,p.Lys32Tyr,32,K,Y,-6.47125,0.7098,0.667,6.3,False,Superfície
BRCA1,p.Glu33Ala,33,E,A,-6.57452,0.6898,0.426,7.48,False,Superfície
BRCA1,p.Glu33Cys,33,E,C,-7.76454,0.7498,0.426,7.48,False,Superfície
BRCA1,p.Glu33Phe,33,E,F,-7.29094,0.7478,0.426,7.48,False,Superfície
BRCA1,p.Glu33Ile,33,E,I,-7.86003,0.7341,0.426,7.48,False,Superfície
BRCA1,p.Glu33Leu,33,E,L,-7.12755,0.7573,0.426,7.48,False,Superfície
BRCA1,p.Glu33Met,33,E,M,-8.73325,0.7197,0.426,7.48,False,Superfície
BRCA1,p.Glu33Pro,33,E,P,-8.92504,0.7656,0.426,7.48,False,Superfície
BRCA1,p.Glu33Val,33,E,V,-6.51805,0.7938,0.426,7.48,False,Superfície
BRCA1,p.Glu33Trp,33,E,W,-11.62195,0.7487,0.426,7.48,False,Superfície
BRCA1,p.Glu33Tyr,33,E,Y,-7.61409,0.6899,0.426,7.48,False,Superfície
BRCA1,p.Pro34Ala,34,P,A,-7.25298,0.6942,0.04,8.5,False,Núcleo estrutural (dobramento)
BRCA1,p.Pro34Asp,34,P,D,-12.97739,0.7388,0.04,8.5,False,Núcleo estrutural (dobramento)
BRCA1,p.Pro34Glu,34,P,E,-9.45193,0.8026,0.04,8.5,False,Núcleo estrutural (dobramento)
BRCA1,p.Pro34Phe,34,P,F,-13.30747,0.8425,0.04,8.5,False,Núcleo estrutural (dobramento)
BRCA1,p.Pro34Gly,34,P,G,-11.45173,0.7211,0.04,8.5,False,Núcleo estrutural (dobramento)
BRCA1,p.Pro34His,34,P,H,-8.87921,0.782,0.04,8.5,False,Núcleo estrutural (dobramento)
BRCA1,p.Pro34Ile,34,P,I,-11.50317,0.7463,0.04,8.5,False,Núcleo estrutural (dobramento)
BRCA1,p.Pro34Lys,34,P,K,-10.75556,0.8063,0.04,8.5,False,Núcleo estrutural (dobramento)
BRCA1,p.Pro34Leu,34,P,L,-9.50734,0.7216,0.04,8.5,False,Núcleo estrutural (dobramento)
BRCA1,p.Pro34Met,34,P,M,-10.24761,0.7777,0.04,8.5,False,Núcleo estrutural (dobramento)
BRCA1,p.Pro34Gln,34,P,Q,-7.40866,0.7144,0.04,8.5,False,Núcleo estrutural (dobramento)
BRCA1,p.Pro34Arg,34,P,R,-10.50134,0.859,0.04,8.5,False,Núcleo estrutural (dobramento)
BRCA1,p.Pro34Val,34,P,V,-8.89972,0.719,0.04,8.5,False,Núcleo estrutural (dobramento)
BRCA1,p.Pro34Trp,34,P,W,-13.41545,0.8163,0.04,8.5,False,Núcleo estrutural (dobramento)
BRCA1,p.Pro34Tyr,34,P,Y,-13.27773,0.8008,0.04,8.5,False,Núcleo estrutural (dobramento)
BRCA1,p.Val35Ala,35,V,A,-6.12674,0.7129,0.0,8.17,False,Núcleo estrutural (dobramento)
BRCA1,p.Val35Asp,35,V,D,-13.69078,0.9105,0.0,8.17,False,Núcleo estrutural (dobramento)
BRCA1,p.Val35Glu,35,V,E,-10.98174,0.9546,0.0,8.17,False,Núcleo estrutural (dobramento)
BRCA1,p.Val35Phe,35,V,F,-9.61755,0.8141,0.0,8.17,False,Núcleo estrutural (dobramento)
BRCA1,p.Val35Gly,35,V,G,-10.9899,0.9226,0.0,8.17,False,Núcleo estrutural (dobramento)
BRCA1,p.Val35His,35,V,H,-12.04236,0.8883,0.0,8.17,False,Núcleo estrutural (dobramento)
BRCA1,p.Val35Lys,35,V,K,-10.16958,0.9145,0.0,8.17,False,Núcleo estrutural (dobramento)
BRCA1,p.Val35Asn,35,V,N,-11.27085,0.9241,0.0,8.17,False,Núcleo estrutural (dobramento)
BRCA1,p.Val35Pro,35,V,P,-13.99548,0.9433,0.0,8.17,False,Núcleo estrutural (dobramento)
BRCA1,p.Val35Gln,35,V,Q,-9.6618,0.9543,0.0,8.17,False,Núcleo estrutural (dobramento)
BRCA1,p.Val35Arg,35,V,R,-12.05119,0.8711,0.0,8.17,False,Núcleo estrutural (dobramento)
BRCA1,p.Val35Ser,35,V,S,-8.6789,0.848,0.0,8.17,False,Núcleo estrutural (dobramento)
BRCA1,p.Val35Trp,35,V,W,-13.19744,0.9074,0.0,8.17,False,Núcleo estrutural (dobramento)
BRCA1,p.Val35Tyr,35,V,Y,-10.73994,0.9355,0.0,8.17,False,Núcleo estrutural (dobramento)
BRCA1,p.Ser36Asp,36,S,D,-10.29436,0.7511,0.145,9.71,True,Interface BARD1
BRCA1,p.Ser36Glu,36,S,E,-7.45913,0.7087,0.145,9.71,True,Interface BARD1
BRCA1,p.Ser36Phe,36,S,F,-6.20327,0.7925,0.145,9.71,True,Interface BARD1
BRCA1,p.Ser36His,36,S,H,-8.3444,0.7349,0.145,9.71,True,Interface BARD1
BRCA1,p.Ser36Lys,36,S,K,-7.25692,0.7726,0.145,9.71,True,Interface BARD1
BRCA1,p.Ser36Trp,36,S,W,-7.94322,0.7385,0.145,9.71,True,Interface BARD1
BRCA1,p.Thr37Asp,37,T,D,-12.22737,0.7,0.025,5.95,False,Núcleo estrutural (dobramento)
BRCA1,p.Thr37Glu,37,T,E,-11.34921,0.7973,0.025,5.95,False,Núcleo estrutural (dobramento)
BRCA1,p.Thr37Phe,37,T,F,-11.93054,0.8312,0.025,5.95,False,Núcleo estrutural (dobramento)
BRCA1,p.Thr37His,37,T,H,-14.33411,0.7918,0.025,5.95,False,Núcleo estrutural (dobramento)
BRCA1,p.Thr37Ile,37,T,I,-6.61777,0.7607,0.025,5.95,False,Núcleo estrutural (dobramento)
BRCA1,p.Thr37Lys,37,T,K,-12.11689,0.9007,0.025,5.95,False,Núcleo estrutural (dobramento)
BRCA1,p.Thr37Leu,37,T,L,-8.76844,0.7779,0.025,5.95,False,Núcleo estrutural (dobramento)
BRCA1,p.Thr37Met,37,T,M,-8.84066,0.7073,0.025,5.95,False,Núcleo estrutural (dobramento)
BRCA1,p.Thr37Pro,37,T,P,-10.55341,0.686,0.025,5.95,False,Núcleo estrutural (dobramento)
BRCA1,p.Thr37Arg,37,T,R,-12.29448,0.8775,0.025,5.95,False,Núcleo estrutural (dobramento)
BRCA1,p.Thr37Val,37,T,V,-6.62881,0.7458,0.025,5.95,False,Núcleo estrutural (dobramento)
BRCA1,p.Thr37Trp,37,T,W,-14.36032,0.7766,0.025,5.95,False,Núcleo estrutural (dobramento)
BRCA1,p.Thr37Tyr,37,T,Y,-13.76384,0.7159,0.025,5.95,False,Núcleo estrutural (dobramento)
BRCA1,p.Lys38Ala,38,K,A,-7.61098,0.7562,0.566,6.94,True,Interface BARD1
BRCA1,p.Lys38Cys,38,K,C,-9.26957,0.7764,0.566,6.94,True,Interface BARD1
BRCA1,p.Lys38Glu,38,K,E,-9.88464,0.6818,0.566,6.94,True,Interface BARD1
BRCA1,p.Lys38Phe,38,K,F,-10.80137,0.8088,0.566,6.94,True,Interface BARD1
BRCA1,p.Lys38Gly,38,K,G,-9.13364,0.7619,0.566,6.94,True,Interface BARD1
BRCA1,p.Lys38Ile,38,K,I,-7.17588,0.7089,0.566,6.94,True,Interface BARD1
BRCA1,p.Lys38Leu,38,K,L,-8.64223,0.7417,0.566,6.94,True,Interface BARD1
BRCA1,p.Lys38Met,38,K,M,-7.56914,0.7298,0.566,6.94,True,Interface BARD1
BRCA1,p.Lys38Pro,38,K,P,-8.02341,0.7863,0.566,6.94,True,Interface BARD1
BRCA1,p.Lys38Val,38,K,V,-7.96903,0.7975,0.566,6.94,True,Interface BARD1
BRCA1,p.Lys38Trp,38,K,W,-10.47632,0.8222,0.566,6.94,True,Interface BARD1
BRCA1,p.Lys38Tyr,38,K,Y,-10.52704,0.7806,0.566,6.94,True,Interface BARD1
BRCA1,p.Cys39Ala,39,C,A,-13.35115,0.8132,0.21,2.39,True,Coordenação de zinco
BRCA1,p.Cys39Asp,39,C,D,-13.52698,0.9352,0.21,2.39,True,Coordenação de zinco
BRCA1,p.Cys39Glu,39,C,E,-13.93476,0.9802,0.21,2.39,True,Coordenação de zinco
BRCA1,p.Cys39Phe,39,C,F,-10.65569,0.9559,0.21,2.39,True,Coordenação de zinco
BRCA1,p.Cys39Gly,39,C,G,-12.26054,0.9974,0.21,2.39,True,Coordenação de zinco
BRCA1,p.Cys39His,39,C,H,-11.61951,0.9508,0.21,2.39,True,Coordenação de zinco
BRCA1,p.Cys39Lys,39,C,K,-13.38439,0.9721,0.21,2.39,True,Coordenação de zinco
BRCA1,p.Cys39Met,39,C,M,-15.05448,0.7669,0.21,2.39,True,Coordenação de zinco
BRCA1,p.Cys39Asn,39,C,N,-13.31613,0.9377,0.21,2.39,True,Coordenação de zinco
BRCA1,p.Cys39Pro,39,C,P,-15.09521,0.8794,0.21,2.39,True,Coordenação de zinco
BRCA1,p.Cys39Gln,39,C,Q,-14.13269,0.9637,0.21,2.39,True,Coordenação de zinco
BRCA1,p.Cys39Arg,39,C,R,-10.4164,0.9865,0.21,2.39,True,Coordenação de zinco
BRCA1,p.Cys39Ser,39,C,S,-10.89193,0.9673,0.21,2.39,True,Coordenação de zinco
BRCA1,p.Cys39Thr,39,C,T,-13.26326,0.8764,0.21,2.39,True,Coordenação de zinco
BRCA1,p.Cys39Trp,39,C,W,-11.31734,0.9873,0.21,2.39,True,Coordenação de zinco
BRCA1,p.Cys39Tyr,39,C,Y,-9.30135,0.9967,0.21,2.39,True,Coordenação de zinco
BRCA1,p.Asp40Ala,40,D,A,-9.44429,0.8171,0.616,6.05,True,Interface BARD1
BRCA1,p.Asp40Cys,40,D,C,-10.30728,0.762,0.616,6.05,True,Interface BARD1
BRCA1,p.Asp40Phe,40,D,F,-12.48513,0.8388,0.616,6.05,True,Interface BARD1
BRCA1,p.Asp40Gly,40,D,G,-8.50219,0.7574,0.616,6.05,True,Interface BARD1
BRCA1,p.Asp40Ile,40,D,I,-11.96121,0.7748,0.616,6.05,True,Interface BARD1
BRCA1,p.Asp40Leu,40,D,L,-11.67884,0.7997,0.616,6.05,True,Interface BARD1
BRCA1,p.Asp40Met,40,D,M,-10.90101,0.8102,0.616,6.05,True,Interface BARD1
BRCA1,p.Asp40Pro,40,D,P,-14.29334,0.7758,0.616,6.05,True,Interface BARD1
BRCA1,p.Asp40Arg,40,D,R,-11.31766,0.7081,0.616,6.05,True,Interface BARD1
BRCA1,p.Asp40Ser,40,D,S,-8.18214,0.7012,0.616,6.05,True,Interface BARD1
BRCA1,p.Asp40Val,40,D,V,-10.85444,0.8413,0.616,6.05,True,Interface BARD1
BRCA1,p.Asp40Trp,40,D,W,-14.17473,0.7828,0.616,6.05,True,Interface BARD1
BRCA1,p.Asp40Tyr,40,D,Y,-10.96691,0.7939,0.616,6.05,True,Interface BARD1
BRCA1,p.His41Ala,41,H,A,-13.50706,0.823,0.234,1.95,True,Coordenação de zinco
BRCA1,p.His41Cys,41,H,C,-11.1552,0.8777,0.234,1.95,True,Coordenação de zinco
BRCA1,p.His41Asp,41,H,D,-9.70762,0.8482,0.234,1.95,True,Coordenação de zinco
BRCA1,p.His41Glu,41,H,E,-13.55837,0.7905,0.234,1.95,True,Coordenação de zinco
BRCA1,p.His41Phe,41,H,F,-12.79781,0.8133,0.234,1.95,True,Coordenação de zinco
BRCA1,p.His41Gly,41,H,G,-14.06691,0.8353,0.234,1.95,True,Coordenação de zinco
BRCA1,p.His41Ile,41,H,I,-14.28022,0.827,0.234,1.95,True,Coordenação de zinco
BRCA1,p.His41Lys,41,H,K,-13.34596,0.7149,0.234,1.95,True,Coordenação de zinco
BRCA1,p.His41Leu,41,H,L,-11.99962,0.8436,0.234,1.95,True,Coordenação de zinco
BRCA1,p.His41Met,41,H,M,-15.4435,0.8274,0.234,1.95,True,Coordenação de zinco
BRCA1,p.His41Asn,41,H,N,-11.10794,0.7289,0.234,1.95,True,Coordenação de zinco
BRCA1,p.His41Pro,41,H,P,-11.02811,0.8481,0.234,1.95,True,Coordenação de zinco
BRCA1,p.His41Gln,41,H,Q,-11.3427,0.763,0.234,1.95,True,Coordenação de zinco
BRCA1,p.His41Arg,41,H,R,-10.23733,0.7561,0.234,1.95,True,Coordenação de zinco
BRCA1,p.His41Ser,41,H,S,-13.65085,0.8413,0.234,1.95,True,Coordenação de zinco
BRCA1,p.His41Thr,41,H,T,-14.04841,0.7998,0.234,1.95,True,Coordenação de zinco
BRCA1,p.His41Val,41,H,V,-13.8191,0.864,0.234,1.95,True,Coordenação de zinco
BRCA1,p.His41Trp,41,H,W,-14.77839,0.8638,0.234,1.95,True,Coordenação de zinco
BRCA1,p.His41Tyr,41,H,Y,-9.62284,0.7979,0.234,1.95,True,Coordenação de zinco
BRCA1,p.Ile42Trp,42,I,W,-6.69586,0.8367,0.099,7.41,True,Interface BARD1
BRCA1,p.Phe43Ala,43,F,A,-11.65714,0.7838,0.0,4.88,False,Núcleo estrutural (dobramento)
BRCA1,p.Phe43Cys,43,F,C,-9.15784,0.7768,0.0,4.88,False,Núcleo estrutural (dobramento)
BRCA1,p.Phe43Asp,43,F,D,-15.90274,0.8971,0.0,4.88,False,Núcleo estrutural (dobramento)
BRCA1,p.Phe43Glu,43,F,E,-17.06353,0.9057,0.0,4.88,False,Núcleo estrutural (dobramento)
BRCA1,p.Phe43Gly,43,F,G,-13.45243,0.9145,0.0,4.88,False,Núcleo estrutural (dobramento)
BRCA1,p.Phe43His,43,F,H,-11.7624,0.8842,0.0,4.88,False,Núcleo estrutural (dobramento)
BRCA1,p.Phe43Lys,43,F,K,-16.99346,0.9024,0.0,4.88,False,Núcleo estrutural (dobramento)
BRCA1,p.Phe43Asn,43,F,N,-14.07896,0.9003,0.0,4.88,False,Núcleo estrutural (dobramento)
BRCA1,p.Phe43Pro,43,F,P,-15.99692,0.9271,0.0,4.88,False,Núcleo estrutural (dobramento)
BRCA1,p.Phe43Gln,43,F,Q,-14.7424,0.9117,0.0,4.88,False,Núcleo estrutural (dobramento)
BRCA1,p.Phe43Arg,43,F,R,-15.51966,0.868,0.0,4.88,False,Núcleo estrutural (dobramento)
BRCA1,p.Phe43Ser,43,F,S,-10.23617,0.8601,0.0,4.88,False,Núcleo estrutural (dobramento)
BRCA1,p.Phe43Thr,43,F,T,-12.58565,0.8784,0.0,4.88,False,Núcleo estrutural (dobramento)
BRCA1,p.Phe43Trp,43,F,W,-12.4288,0.8064,0.0,4.88,False,Núcleo estrutural (dobramento)
BRCA1,p.Cys44Ala,44,C,A,-11.91585,0.8132,0.124,2.41,False,Coordenação de zinco
BRCA1,p.Cys44Asp,44,C,D,-6.10199,0.8592,0.124,2.41,False,Coordenação de zinco
BRCA1,p.Cys44Glu,44,C,E,-9.29005,0.9802,0.124,2.41,False,Coordenação de zinco
BRCA1,p.Cys44Phe,44,C,F,-9.43566,0.9555,0.124,2.41,False,Coordenação de zinco
BRCA1,p.Cys44Gly,44,C,G,-6.80137,0.989,0.124,2.41,False,Coordenação de zinco
BRCA1,p.Cys44His,44,C,H,-10.20021,0.9508,0.124,2.41,False,Coordenação de zinco
BRCA1,p.Cys44Lys,44,C,K,-11.72072,0.9721,0.124,2.41,False,Coordenação de zinco
BRCA1,p.Cys44Met,44,C,M,-13.40643,0.7669,0.124,2.41,False,Coordenação de zinco
BRCA1,p.Cys44Asn,44,C,N,-10.35835,0.9377,0.124,2.41,False,Coordenação de zinco
BRCA1,p.Cys44Pro,44,C,P,-11.92243,0.8794,0.124,2.41,False,Coordenação de zinco
BRCA1,p.Cys44Gln,44,C,Q,-12.51372,0.9637,0.124,2.41,False,Coordenação de zinco
BRCA1,p.Cys44Arg,44,C,R,-8.57997,0.9857,0.124,2.41,False,Coordenação de zinco
BRCA1,p.Cys44Ser,44,C,S,-7.46723,0.9402,0.124,2.41,False,Coordenação de zinco
BRCA1,p.Cys44Thr,44,C,T,-12.6615,0.8764,0.124,2.41,False,Coordenação de zinco
BRCA1,p.Cys44Trp,44,C,W,-7.72386,0.9804,0.124,2.41,False,Coordenação de zinco
BRCA1,p.Cys44Tyr,44,C,Y,-8.19669,0.9967,0.124,2.41,False,Coordenação de zinco
BRCA1,p.Lys45Ala,45,K,A,-7.79087,0.7595,0.3,6.38,False,Intermediário
BRCA1,p.Lys45Cys,45,K,C,-6.75059,0.748,0.3,6.38,False,Intermediário
BRCA1,p.Lys45Phe,45,K,F,-8.19192,0.7914,0.3,6.38,False,Intermediário
BRCA1,p.Lys45Gly,45,K,G,-7.87475,0.7445,0.3,6.38,False,Intermediário
BRCA1,p.Lys45Ile,45,K,I,-10.39496,0.7361,0.3,6.38,False,Intermediário
BRCA1,p.Lys45Leu,45,K,L,-6.71476,0.7074,0.3,6.38,False,Intermediário
BRCA1,p.Lys45Met,45,K,M,-6.89895,0.7302,0.3,6.38,False,Intermediário
BRCA1,p.Lys45Pro,45,K,P,-11.23766,0.7953,0.3,6.38,False,Intermediário
BRCA1,p.Lys45Val,45,K,V,-9.12545,0.8122,0.3,6.38,False,Intermediário
BRCA1,p.Lys45Trp,45,K,W,-7.38355,0.7945,0.3,6.38,False,Intermediário
BRCA1,p.Phe46Ala,46,F,A,-8.54156,0.7709,0.549,5.85,False,Superfície
BRCA1,p.Phe46Cys,46,F,C,-7.31472,0.7588,0.549,5.85,False,Superfície
BRCA1,p.Phe46Asp,46,F,D,-11.08353,0.8971,0.549,5.85,False,Superfície
BRCA1,p.Phe46Glu,46,F,E,-11.48139,0.9057,0.549,5.85,False,Superfície
BRCA1,p.Phe46Gly,46,F,G,-10.5847,0.9006,0.549,5.85,False,Superfície
BRCA1,p.Phe46His,46,F,H,-7.16852,0.8328,0.549,5.85,False,Superfície
BRCA1,p.Phe46Lys,46,F,K,-12.97442,0.9024,0.549,5.85,False,Superfície
BRCA1,p.Phe46Asn,46,F,N,-9.38863,0.897,0.549,5.85,False,Superfície
BRCA1,p.Phe46Pro,46,F,P,-9.70485,0.9257,0.549,5.85,False,Superfície
BRCA1,p.Phe46Gln,46,F,Q,-10.28373,0.9117,0.549,5.85,False,Superfície
BRCA1,p.Phe46Arg,46,F,R,-11.58967,0.868,0.549,5.85,False,Superfície
BRCA1,p.Phe46Ser,46,F,S,-7.80199,0.8493,0.549,5.85,False,Superfície
BRCA1,p.Phe46Thr,46,F,T,-9.20398,0.877,0.549,5.85,False,Superfície
BRCA1,p.Phe46Trp,46,F,W,-9.48707,0.8064,0.549,5.85,False,Superfície
BRCA1,p.Cys47Ala,47,C,A,-13.04885,0.8132,0.074,2.41,False,Coordenação de zinco
BRCA1,p.Cys47Asp,47,C,D,-9.62644,0.9352,0.074,2.41,False,Coordenação de zinco
BRCA1,p.Cys47Glu,47,C,E,-12.01583,0.9802,0.074,2.41,False,Coordenação de zinco
BRCA1,p.Cys47Phe,47,C,F,-9.00493,0.9547,0.074,2.41,False,Coordenação de zinco
BRCA1,p.Cys47Gly,47,C,G,-10.83508,0.9972,0.074,2.41,False,Coordenação de zinco
BRCA1,p.Cys47His,47,C,H,-8.66766,0.9505,0.074,2.41,False,Coordenação de zinco
BRCA1,p.Cys47Lys,47,C,K,-12.77253,0.9721,0.074,2.41,False,Coordenação de zinco
BRCA1,p.Cys47Met,47,C,M,-15.22723,0.7669,0.074,2.41,False,Coordenação de zinco
BRCA1,p.Cys47Asn,47,C,N,-11.25055,0.9377,0.074,2.41,False,Coordenação de zinco
BRCA1,p.Cys47Pro,47,C,P,-12.45185,0.8794,0.074,2.41,False,Coordenação de zinco
BRCA1,p.Cys47Gln,47,C,Q,-12.12309,0.9637,0.074,2.41,False,Coordenação de zinco
BRCA1,p.Cys47Arg,47,C,R,-9.04033,0.9861,0.074,2.41,False,Coordenação de zinco
BRCA1,p.Cys47Ser,47,C,S,-10.17837,0.9673,0.074,2.41,False,Coordenação de zinco
BRCA1,p.Cys47Thr,47,C,T,-13.76338,0.8764,0.074,2.41,False,Coordenação de zinco
BRCA1,p.Cys47Trp,47,C,W,-9.46188,0.9873,0.074,2.41,False,Coordenação de zinco
BRCA1,p.Cys47Tyr,47,C,Y,-8.26862,0.9967,0.074,2.41,False,Coordenação de zinco
BRCA1,p.Met48Ala,48,M,A,-9.32495,0.7707,0.0,6.89,False,Núcleo estrutural (dobramento)
BRCA1,p.Met48Cys,48,M,C,-12.06137,0.7319,0.0,6.89,False,Núcleo estrutural (dobramento)
BRCA1,p.Met48Asp,48,M,D,-14.52383,0.9535,0.0,6.89,False,Núcleo estrutural (dobramento)
BRCA1,p.Met48Glu,48,M,E,-14.76753,0.9507,0.0,6.89,False,Núcleo estrutural (dobramento)
BRCA1,p.Met48Gly,48,M,G,-13.48699,0.8862,0.0,6.89,False,Núcleo estrutural (dobramento)
BRCA1,p.Met48His,48,M,H,-14.11023,0.942,0.0,6.89,False,Núcleo estrutural (dobramento)
BRCA1,p.Met48Lys,48,M,K,-14.06795,0.9742,0.0,6.89,False,Núcleo estrutural (dobramento)
BRCA1,p.Met48Asn,48,M,N,-13.06383,0.9374,0.0,6.89,False,Núcleo estrutural (dobramento)
BRCA1,p.Met48Pro,48,M,P,-15.15669,0.9531,0.0,6.89,False,Núcleo estrutural (dobramento)
BRCA1,p.Met48Gln,48,M,Q,-12.79725,0.9503,0.0,6.89,False,Núcleo estrutural (dobramento)
BRCA1,p.Met48Arg,48,M,R,-15.81492,0.9906,0.0,6.89,False,Núcleo estrutural (dobramento)
BRCA1,p.Met48Ser,48,M,S,-10.33347,0.9051,0.0,6.89,False,Núcleo estrutural (dobramento)
BRCA1,p.Met48Thr,48,M,T,-7.51074,0.8833,0.0,6.89,False,Núcleo estrutural (dobramento)
BRCA1,p.Met48Val,48,M,V,-6.67986,0.8021,0.0,6.89,False,Núcleo estrutural (dobramento)
BRCA1,p.Met48Trp,48,M,W,-13.56436,0.9201,0.0,6.89,False,Núcleo estrutural (dobramento)
BRCA1,p.Met48Tyr,48,M,Y,-11.90629,0.945,0.0,6.89,False,Núcleo estrutural (dobramento)
BRCA1,p.Leu49Ala,49,L,A,-8.43801,0.7383,0.305,8.73,False,Intermediário
BRCA1,p.Leu49Asp,49,L,D,-10.91317,0.8964,0.305,8.73,False,Intermediário
BRCA1,p.Leu49Glu,49,L,E,-9.83918,0.9122,0.305,8.73,False,Intermediário
BRCA1,p.Leu49Gly,49,L,G,-10.21755,0.9193,0.305,8.73,False,Intermediário
BRCA1,p.Leu49His,49,L,H,-6.00923,0.7725,0.305,8.73,False,Intermediário
BRCA1,p.Leu49Lys,49,L,K,-9.07447,0.8742,0.305,8.73,False,Intermediário
BRCA1,p.Leu49Asn,49,L,N,-8.01117,0.8926,0.305,8.73,False,Intermediário
BRCA1,p.Leu49Pro,49,L,P,-11.74357,0.9841,0.305,8.73,False,Intermediário
BRCA1,p.Leu49Gln,49,L,Q,-6.42906,0.8321,0.305,8.73,False,Intermediário
BRCA1,p.Leu49Arg,49,L,R,-9.27749,0.8532,0.305,8.73,False,Intermediário
BRCA1,p.Leu49Ser,49,L,S,-8.63471,0.8326,0.305,8.73,False,Intermediário
BRCA1,p.Leu49Thr,49,L,T,-7.89087,0.8381,0.305,8.73,False,Intermediário
BRCA1,p.Leu49Trp,49,L,W,-8.76915,0.8649,0.305,8.73,False,Intermediário
BRCA1,p.Lys50Ala,50,K,A,-11.70973,0.7827,0.485,7.91,False,Superfície
BRCA1,p.Lys50Cys,50,K,C,-11.94692,0.7833,0.485,7.91,False,Superfície
BRCA1,p.Lys50Glu,50,K,E,-9.39811,0.6818,0.485,7.91,False,Superfície
BRCA1,p.Lys50Phe,50,K,F,-13.90523,0.8088,0.485,7.91,False,Superfície
BRCA1,p.Lys50Gly,50,K,G,-10.38599,0.7664,0.485,7.91,False,Superfície
BRCA1,p.Lys50Ile,50,K,I,-10.25457,0.7361,0.485,7.91,False,Superfície
BRCA1,p.Lys50Leu,50,K,L,-10.43065,0.7527,0.485,7.91,False,Superfície
BRCA1,p.Lys50Met,50,K,M,-8.01565,0.7456,0.485,7.91,False,Superfície
BRCA1,p.Lys50Pro,50,K,P,-15.65537,0.7953,0.485,7.91,False,Superfície
BRCA1,p.Lys50Ser,50,K,S,-9.01068,0.7055,0.485,7.91,False,Superfície
BRCA1,p.Lys50Val,50,K,V,-11.80302,0.8142,0.485,7.91,False,Superfície
BRCA1,p.Lys50Trp,50,K,W,-13.0133,0.8222,0.485,7.91,False,Superfície
BRCA1,p.Lys50Tyr,50,K,Y,-13.07568,0.7806,0.485,7.91,False,Superfície
BRCA1,p.Leu51Ala,51,L,A,-9.22558,0.7406,0.165,8.72,False,Intermediário
BRCA1,p.Leu51Asp,51,L,D,-12.01441,0.8964,0.165,8.72,False,Intermediário
BRCA1,p.Leu51Glu,51,L,E,-11.12632,0.9122,0.165,8.72,False,Intermediário
BRCA1,p.Leu51Gly,51,L,G,-13.37439,0.9386,0.165,8.72,False,Intermediário
BRCA1,p.Leu51His,51,L,H,-8.30099,0.8485,0.165,8.72,False,Intermediário
BRCA1,p.Leu51Lys,51,L,K,-12.31889,0.8768,0.165,8.72,False,Intermediário
BRCA1,p.Leu51Asn,51,L,N,-10.63739,0.918,0.165,8.72,False,Intermediário
BRCA1,p.Leu51Pro,51,L,P,-12.13854,0.9849,0.165,8.72,False,Intermediário
BRCA1,p.Leu51Gln,51,L,Q,-10.33361,0.9118,0.165,8.72,False,Intermediário
BRCA1,p.Leu51Arg,51,L,R,-10.38205,0.8519,0.165,8.72,False,Intermediário
BRCA1,p.Leu51Ser,51,L,S,-10.71841,0.8337,0.165,8.72,False,Intermediário
BRCA1,p.Leu51Thr,51,L,T,-9.78995,0.8548,0.165,8.72,False,Intermediário
BRCA1,p.Leu51Trp,51,L,W,-9.27333,0.8676,0.165,8.72,False,Intermediário
BRCA1,p.Leu51Tyr,51,L,Y,-7.93585,0.9083,0.165,8.72,False,Intermediário
BRCA1,p.Leu52Ala,52,L,A,-10.88256,0.7393,0.117,11.51,False,Núcleo estrutural (dobramento)
BRCA1,p.Leu52Asp,52,L,D,-16.4135,0.8964,0.117,11.51,False,Núcleo estrutural (dobramento)
BRCA1,p.Leu52Glu,52,L,E,-14.45698,0.9122,0.117,11.51,False,Núcleo estrutural (dobramento)
BRCA1,p.Leu52Gly,52,L,G,-12.6922,0.9386,0.117,11.51,False,Núcleo estrutural (dobramento)
BRCA1,p.Leu52His,52,L,H,-11.90052,0.8602,0.117,11.51,False,Núcleo estrutural (dobramento)
BRCA1,p.Leu52Lys,52,L,K,-11.94295,0.8768,0.117,11.51,False,Núcleo estrutural (dobramento)
BRCA1,p.Leu52Asn,52,L,N,-13.15436,0.9175,0.117,11.51,False,Núcleo estrutural (dobramento)
BRCA1,p.Leu52Pro,52,L,P,-9.45903,0.9856,0.117,11.51,False,Núcleo estrutural (dobramento)
BRCA1,p.Leu52Gln,52,L,Q,-9.07273,0.9118,0.117,11.51,False,Núcleo estrutural (dobramento)
BRCA1,p.Leu52Arg,52,L,R,-10.62817,0.8532,0.117,11.51,False,Núcleo estrutural (dobramento)
BRCA1,p.Leu52Ser,52,L,S,-9.01059,0.8335,0.117,11.51,False,Núcleo estrutural (dobramento)
BRCA1,p.Leu52Thr,52,L,T,-10.07084,0.8544,0.117,11.51,False,Núcleo estrutural (dobramento)
BRCA1,p.Leu52Trp,52,L,W,-10.23792,0.8676,0.117,11.51,False,Núcleo estrutural (dobramento)
BRCA1,p.Leu52Tyr,52,L,Y,-10.75344,0.9173,0.117,11.51,False,Núcleo estrutural (dobramento)
BRCA1,p.Asn53Ala,53,N,A,-6.48533,0.7123,0.575,12.83,False,Superfície
BRCA1,p.Asn53Phe,53,N,F,-10.66074,0.7766,0.575,12.83,False,Superfície
BRCA1,p.Asn53Met,53,N,M,-8.54448,0.6867,0.575,12.83,False,Superfície
BRCA1,p.Asn53Trp,53,N,W,-10.61572,0.718,0.575,12.83,False,Superfície
BRCA1,p.Gln54Ala,54,Q,A,-8.8824,0.7745,0.237,12.92,False,Intermediário
BRCA1,p.Gln54Cys,54,Q,C,-8.36282,0.782,0.237,12.92,False,Intermediário
BRCA1,p.Gln54Phe,54,Q,F,-8.78367,0.7954,0.237,12.92,False,Intermediário
BRCA1,p.Gln54Gly,54,Q,G,-8.38229,0.7527,0.237,12.92,False,Intermediário
BRCA1,p.Gln54Ile,54,Q,I,-6.9167,0.7245,0.237,12.92,False,Intermediário
BRCA1,p.Gln54Leu,54,Q,L,-6.65115,0.7052,0.237,12.92,False,Intermediário
BRCA1,p.Gln54Met,54,Q,M,-8.10366,0.7196,0.237,12.92,False,Intermediário
BRCA1,p.Gln54Pro,54,Q,P,-7.97337,0.8006,0.237,12.92,False,Intermediário
BRCA1,p.Gln54Val,54,Q,V,-7.02913,0.8384,0.237,12.92,False,Intermediário
BRCA1,p.Gln54Trp,54,Q,W,-9.1181,0.7858,0.237,12.92,False,Intermediário
BRCA1,p.Gln54Tyr,54,Q,Y,-8.36011,0.7566,0.237,12.92,False,Intermediário
BRCA1,p.Lys55Ala,55,K,A,-10.20931,0.7822,0.958,17.91,False,Superfície
BRCA1,p.Lys55Cys,55,K,C,-9.58795,0.7764,0.958,17.91,False,Superfície
BRCA1,p.Lys55Glu,55,K,E,-10.37517,0.6923,0.958,17.91,False,Superfície
BRCA1,p.Lys55Phe,55,K,F,-12.19445,0.8088,0.958,17.91,False,Superfície
BRCA1,p.Lys55Gly,55,K,G,-8.8197,0.7562,0.958,17.91,False,Superfície
BRCA1,p.Lys55Ile,55,K,I,-9.65326,0.7353,0.958,17.91,False,Superfície
BRCA1,p.Lys55Leu,55,K,L,-10.99206,0.7527,0.958,17.91,False,Superfície
BRCA1,p.Lys55Met,55,K,M,-10.39269,0.7725,0.958,17.91,False,Superfície
BRCA1,p.Lys55Pro,55,K,P,-11.25678,0.7953,0.958,17.91,False,Superfície
BRCA1,p.Lys55Ser,55,K,S,-7.64886,0.6845,0.958,17.91,False,Superfície
BRCA1,p.Lys55Val,55,K,V,-10.18071,0.8142,0.958,17.91,False,Superfície
BRCA1,p.Lys55Trp,55,K,W,-11.61513,0.8222,0.958,17.91,False,Superfície
BRCA1,p.Lys55Tyr,55,K,Y,-10.52524,0.7806,0.958,17.91,False,Superfície
BRCA1,p.Lys56Ala,56,K,A,-5.68973,0.6988,0.677,15.08,False,Superfície
BRCA1,p.Lys56Cys,56,K,C,-6.71646,0.7437,0.677,15.08,False,Superfície
BRCA1,p.Lys56Phe,56,K,F,-8.4004,0.7953,0.677,15.08,False,Superfície
BRCA1,p.Lys56Gly,56,K,G,-6.26251,0.7319,0.677,15.08,False,Superfície
BRCA1,p.Lys56Ile,56,K,I,-6.02985,0.6831,0.677,15.08,False,Superfície
BRCA1,p.Lys56Leu,56,K,L,-5.98764,0.6846,0.677,15.08,False,Superfície
BRCA1,p.Lys56Met,56,K,M,-6.61627,0.7245,0.677,15.08,False,Superfície
BRCA1,p.Lys56Pro,56,K,P,-6.88419,0.775,0.677,15.08,False,Superfície
BRCA1,p.Lys56Val,56,K,V,-6.30749,0.78,0.677,15.08,False,Superfície
BRCA1,p.Lys56Trp,56,K,W,-8.66704,0.8102,0.677,15.08,False,Superfície
BRCA1,p.Lys56Tyr,56,K,Y,-7.19563,0.7334,0.677,15.08,False,Superfície
BRCA1,p.Gly57Ala,57,G,A,-6.08813,0.7221,0.464,14.91,False,Superfície
BRCA1,p.Gly57Cys,57,G,C,-8.61563,0.8988,0.464,14.91,False,Superfície
BRCA1,p.Gly57Asp,57,G,D,-10.12745,0.9347,0.464,14.91,False,Superfície
BRCA1,p.Gly57Glu,57,G,E,-10.16492,0.9031,0.464,14.91,False,Superfície
BRCA1,p.Gly57Phe,57,G,F,-10.62002,0.8505,0.464,14.91,False,Superfície
BRCA1,p.Gly57His,57,G,H,-10.94173,0.8584,0.464,14.91,False,Superfície
BRCA1,p.Gly57Ile,57,G,I,-10.03953,0.851,0.464,14.91,False,Superfície
BRCA1,p.Gly57Lys,57,G,K,-9.92076,0.9055,0.464,14.91,False,Superfície
BRCA1,p.Gly57Leu,57,G,L,-10.31911,0.8575,0.464,14.91,False,Superfície
BRCA1,p.Gly57Met,57,G,M,-11.05246,0.7964,0.464,14.91,False,Superfície
BRCA1,p.Gly57Asn,57,G,N,-8.90612,0.9005,0.464,14.91,False,Superfície
BRCA1,p.Gly57Pro,57,G,P,-10.01492,0.8319,0.464,14.91,False,Superfície
BRCA1,p.Gly57Gln,57,G,Q,-10.52229,0.9021,0.464,14.91,False,Superfície
BRCA1,p.Gly57Arg,57,G,R,-8.60954,0.8698,0.464,14.91,False,Superfície
BRCA1,p.Gly57Ser,57,G,S,-6.54991,0.7786,0.464,14.91,False,Superfície
BRCA1,p.Gly57Thr,57,G,T,-8.78079,0.7697,0.464,14.91,False,Superfície
BRCA1,p.Gly57Val,57,G,V,-8.56919,0.8873,0.464,14.91,False,Superfície
BRCA1,p.Gly57Trp,57,G,W,-10.90227,0.8904,0.464,14.91,False,Superfície
BRCA1,p.Gly57Tyr,57,G,Y,-10.45741,0.8673,0.464,14.91,False,Superfície
BRCA1,p.Pro58Asp,58,P,D,-9.68197,0.7388,0.546,12.31,False,Superfície
BRCA1,p.Pro58Glu,58,P,E,-8.7783,0.798,0.546,12.31,False,Superfície
BRCA1,p.Pro58Gly,58,P,G,-7.40622,0.679,0.546,12.31,False,Superfície
BRCA1,p.Pro58Trp,58,P,W,-9.29457,0.816,0.546,12.31,False,Superfície
BRCA1,p.Pro58Tyr,58,P,Y,-7.13211,0.7534,0.546,12.31,False,Superfície
BRCA1,p.Ser59Asp,59,S,D,-10.30693,0.7511,0.0,9.21,False,Núcleo estrutural (dobramento)
BRCA1,p.Ser59Glu,59,S,E,-9.10121,0.7576,0.0,9.21,False,Núcleo estrutural (dobramento)
BRCA1,p.Ser59Phe,59,S,F,-8.48371,0.8276,0.0,9.21,False,Núcleo estrutural (dobramento)
BRCA1,p.Ser59His,59,S,H,-6.75477,0.6866,0.0,9.21,False,Núcleo estrutural (dobramento)
BRCA1,p.Ser59Ile,59,S,I,-7.16883,0.8234,0.0,9.21,False,Núcleo estrutural (dobramento)
BRCA1,p.Ser59Lys,59,S,K,-5.75198,0.6758,0.0,9.21,False,Núcleo estrutural (dobramento)
BRCA1,p.Ser59Leu,59,S,L,-6.84858,0.7851,0.0,9.21,False,Núcleo estrutural (dobramento)
BRCA1,p.Ser59Met,59,S,M,-7.44179,0.7039,0.0,9.21,False,Núcleo estrutural (dobramento)
BRCA1,p.Ser59Val,59,S,V,-7.02232,0.7648,0.0,9.21,False,Núcleo estrutural (dobramento)
BRCA1,p.Ser59Trp,59,S,W,-8.29693,0.7463,0.0,9.21,False,Núcleo estrutural (dobramento)
BRCA1,p.Gln60Gly,60,Q,G,-6.60082,0.7339,0.282,7.26,False,Intermediário
BRCA1,p.Gln60Pro,60,Q,P,-4.10161,0.7035,0.282,7.26,False,Intermediário
BRCA1,p.Gln60Trp,60,Q,W,-8.83853,0.7847,0.282,7.26,False,Intermediário
BRCA1,p.Cys61Ala,61,C,A,-14.79171,0.8132,0.0,2.4,False,Coordenação de zinco
BRCA1,p.Cys61Asp,61,C,D,-13.58567,0.9352,0.0,2.4,False,Coordenação de zinco
BRCA1,p.Cys61Glu,61,C,E,-14.6138,0.9802,0.0,2.4,False,Coordenação de zinco
BRCA1,p.Cys61Phe,61,C,F,-10.02792,0.9555,0.0,2.4,False,Coordenação de zinco
BRCA1,p.Cys61Gly,61,C,G,-10.89172,0.9972,0.0,2.4,False,Coordenação de zinco
BRCA1,p.Cys61His,61,C,H,-13.34635,0.9508,0.0,2.4,False,Coordenação de zinco
BRCA1,p.Cys61Lys,61,C,K,-14.04295,0.9721,0.0,2.4,False,Coordenação de zinco
BRCA1,p.Cys61Met,61,C,M,-15.86591,0.7669,0.0,2.4,False,Coordenação de zinco
BRCA1,p.Cys61Asn,61,C,N,-14.07395,0.9377,0.0,2.4,False,Coordenação de zinco
BRCA1,p.Cys61Pro,61,C,P,-13.86071,0.8794,0.0,2.4,False,Coordenação de zinco
BRCA1,p.Cys61Gln,61,C,Q,-15.49695,0.9637,0.0,2.4,False,Coordenação de zinco
BRCA1,p.Cys61Arg,61,C,R,-9.48966,0.987,0.0,2.4,False,Coordenação de zinco
BRCA1,p.Cys61Ser,61,C,S,-9.66128,0.966,0.0,2.4,False,Coordenação de zinco
BRCA1,p.Cys61Thr,61,C,T,-15.24285,0.8764,0.0,2.4,False,Coordenação de zinco
BRCA1,p.Cys61Trp,61,C,W,-10.667,0.9873,0.0,2.4,False,Coordenação de zinco
BRCA1,p.Cys61Tyr,61,C,Y,-9.49905,0.9967,0.0,2.4,False,Coordenação de zinco
BRCA1,p.Pro62Asp,62,P,D,-16.13055,0.7388,0.416,5.88,False,Superfície
BRCA1,p.Pro62Glu,62,P,E,-14.27433,0.8026,0.416,5.88,False,Superfície
BRCA1,p.Pro62Phe,62,P,F,-10.91464,0.8423,0.416,5.88,False,Superfície
BRCA1,p.Pro62Gly,62,P,G,-9.76012,0.7183,0.416,5.88,False,Superfície
BRCA1,p.Pro62His,62,P,H,-10.7356,0.7853,0.416,5.88,False,Superfície
BRCA1,p.Pro62Ile,62,P,I,-11.22959,0.7463,0.416,5.88,False,Superfície
BRCA1,p.Pro62Lys,62,P,K,-13.12054,0.8063,0.416,5.88,False,Superfície
BRCA1,p.Pro62Leu,62,P,L,-9.14018,0.7202,0.416,5.88,False,Superfície
BRCA1,p.Pro62Met,62,P,M,-11.92946,0.7777,0.416,5.88,False,Superfície
BRCA1,p.Pro62Gln,62,P,Q,-10.67483,0.7541,0.416,5.88,False,Superfície
BRCA1,p.Pro62Arg,62,P,R,-11.72392,0.8592,0.416,5.88,False,Superfície
BRCA1,p.Pro62Val,62,P,V,-9.62073,0.7203,0.416,5.88,False,Superfície
BRCA1,p.Pro62Trp,62,P,W,-13.00403,0.8163,0.416,5.88,False,Superfície
BRCA1,p.Pro62Tyr,62,P,Y,-11.74042,0.8008,0.416,5.88,False,Superfície
BRCA1,p.Leu63Ala,63,L,A,-7.40373,0.731,0.329,2.7,False,Coordenação de zinco
BRCA1,p.Leu63Asp,63,L,D,-10.19975,0.8964,0.329,2.7,False,Coordenação de zinco
BRCA1,p.Leu63Glu,63,L,E,-7.59137,0.8825,0.329,2.7,False,Coordenação de zinco
BRCA1,p.Leu63Gly,63,L,G,-10.13405,0.9193,0.329,2.7,False,Coordenação de zinco
BRCA1,p.Leu63His,63,L,H,-9.40764,0.8602,0.329,2.7,False,Coordenação de zinco
BRCA1,p.Leu63Lys,63,L,K,-8.59145,0.875,0.329,2.7,False,Coordenação de zinco
BRCA1,p.Leu63Asn,63,L,N,-8.79591,0.9142,0.329,2.7,False,Coordenação de zinco
BRCA1,p.Leu63Pro,63,L,P,-11.99212,0.9849,0.329,2.7,False,Coordenação de zinco
BRCA1,p.Leu63Gln,63,L,Q,-7.05206,0.8639,0.329,2.7,False,Coordenação de zinco
BRCA1,p.Leu63Arg,63,L,R,-10.20691,0.8532,0.329,2.7,False,Coordenação de zinco
BRCA1,p.Leu63Ser,63,L,S,-8.40661,0.8345,0.329,2.7,False,Coordenação de zinco
BRCA1,p.Leu63Thr,63,L,T,-6.25762,0.8072,0.329,2.7,False,Coordenação de zinco
BRCA1,p.Leu63Trp,63,L,W,-12.61653,0.868,0.329,2.7,False,Coordenação de zinco
BRCA1,p.Leu63Tyr,63,L,Y,-8.13563,0.9176,0.329,2.7,False,Coordenação de zinco
BRCA1,p.Cys64Ala,64,C,A,-13.46295,0.8132,0.418,2.4,False,Coordenação de zinco
BRCA1,p.Cys64Asp,64,C,D,-11.33501,0.9352,0.418,2.4,False,Coordenação de zinco
BRCA1,p.Cys64Glu,64,C,E,-13.22284,0.9802,0.418,2.4,False,Coordenação de zinco
BRCA1,p.Cys64Phe,64,C,F,-10.15201,0.9555,0.418,2.4,False,Coordenação de zinco
BRCA1,p.Cys64Gly,64,C,G,-9.92089,0.9972,0.418,2.4,False,Coordenação de zinco
BRCA1,p.Cys64His,64,C,H,-11.62617,0.9508,0.418,2.4,False,Coordenação de zinco
BRCA1,p.Cys64Lys,64,C,K,-13.44765,0.9721,0.418,2.4,False,Coordenação de zinco
BRCA1,p.Cys64Met,64,C,M,-15.4015,0.7669,0.418,2.4,False,Coordenação de zinco
BRCA1,p.Cys64Asn,64,C,N,-13.4201,0.9377,0.418,2.4,False,Coordenação de zinco
BRCA1,p.Cys64Pro,64,C,P,-14.14965,0.8794,0.418,2.4,False,Coordenação de zinco
BRCA1,p.Cys64Gln,64,C,Q,-13.6886,0.9637,0.418,2.4,False,Coordenação de zinco
BRCA1,p.Cys64Arg,64,C,R,-9.1305,0.9861,0.418,2.4,False,Coordenação de zinco
BRCA1,p.Cys64Ser,64,C,S,-9.51645,0.9643,0.418,2.4,False,Coordenação de zinco
BRCA1,p.Cys64Thr,64,C,T,-14.00109,0.8764,0.418,2.4,False,Coordenação de zinco
BRCA1,p.Cys64Trp,64,C,W,-10.14924,0.9873,0.418,2.4,False,Coordenação de zinco
BRCA1,p.Cys64Tyr,64,C,Y,-9.52894,0.9967,0.418,2.4,False,Coordenação de zinco
BRCA1,p.Lys65Ala,65,K,A,-9.50588,0.7814,0.688,4.5,False,Superfície
BRCA1,p.Lys65Cys,65,K,C,-11.58714,0.7833,0.688,4.5,False,Superfície
BRCA1,p.Lys65Glu,65,K,E,-10.21114,0.6923,0.688,4.5,False,Superfície
BRCA1,p.Lys65Phe,65,K,F,-10.64833,0.8088,0.688,4.5,False,Superfície
BRCA1,p.Lys65Gly,65,K,G,-9.04642,0.7619,0.688,4.5,False,Superfície
BRCA1,p.Lys65Ile,65,K,I,-10.10341,0.7361,0.688,4.5,False,Superfície
BRCA1,p.Lys65Leu,65,K,L,-7.26573,0.7238,0.688,4.5,False,Superfície
BRCA1,p.Lys65Pro,65,K,P,-12.25444,0.7953,0.688,4.5,False,Superfície
BRCA1,p.Lys65Ser,65,K,S,-7.50799,0.687,0.688,4.5,False,Superfície
BRCA1,p.Lys65Val,65,K,V,-11.52687,0.8142,0.688,4.5,False,Superfície
BRCA1,p.Lys65Trp,65,K,W,-9.01379,0.8176,0.688,4.5,False,Superfície
BRCA1,p.Lys65Tyr,65,K,Y,-9.48015,0.7723,0.688,4.5,False,Superfície
BRCA1,p.Asn66Trp,66,N,W,-6.39688,0.6773,0.264,4.87,False,Intermediário
BRCA1,p.Asp67Ala,67,D,A,-2.54991,0.7712,0.402,5.39,False,Superfície
BRCA1,p.Asp67Phe,67,D,F,-6.61078,0.8196,0.402,5.39,False,Superfície
BRCA1,p.Asp67Gly,67,D,G,-2.91454,0.7937,0.402,5.39,False,Superfície
BRCA1,p.Asp67Met,67,D,M,-6.0455,0.7708,0.402,5.39,False,Superfície
BRCA1,p.Asp67Val,67,D,V,-2.78813,0.7042,0.402,5.39,False,Superfície
BRCA1,p.Asp67Trp,67,D,W,-9.68738,0.7828,0.402,5.39,False,Superfície
BRCA1,p.Ile68Ala,68,I,A,-7.86478,0.7339,0.013,5.03,False,Núcleo estrutural (dobramento)
BRCA1,p.Ile68Asp,68,I,D,-14.50397,0.8521,0.013,5.03,False,Núcleo estrutural (dobramento)
BRCA1,p.Ile68Glu,68,I,E,-12.5669,0.8703,0.013,5.03,False,Núcleo estrutural (dobramento)
BRCA1,p.Ile68Gly,68,I,G,-11.57873,0.8841,0.013,5.03,False,Núcleo estrutural (dobramento)
BRCA1,p.Ile68His,68,I,H,-11.25756,0.8255,0.013,5.03,False,Núcleo estrutural (dobramento)
BRCA1,p.Ile68Lys,68,I,K,-12.04529,0.8259,0.013,5.03,False,Núcleo estrutural (dobramento)
BRCA1,p.Ile68Asn,68,I,N,-10.89292,0.8876,0.013,5.03,False,Núcleo estrutural (dobramento)
BRCA1,p.Ile68Pro,68,I,P,-11.15647,0.9387,0.013,5.03,False,Núcleo estrutural (dobramento)
BRCA1,p.Ile68Gln,68,I,Q,-10.70681,0.8824,0.013,5.03,False,Núcleo estrutural (dobramento)
BRCA1,p.Ile68Arg,68,I,R,-12.31,0.8296,0.013,5.03,False,Núcleo estrutural (dobramento)
BRCA1,p.Ile68Ser,68,I,S,-9.82287,0.8116,0.013,5.03,False,Núcleo estrutural (dobramento)
BRCA1,p.Ile68Thr,68,I,T,-7.75479,0.805,0.013,5.03,False,Núcleo estrutural (dobramento)
BRCA1,p.Ile68Trp,68,I,W,-12.23411,0.8686,0.013,5.03,False,Núcleo estrutural (dobramento)
BRCA1,p.Ile68Tyr,68,I,Y,-8.85371,0.8999,0.013,5.03,False,Núcleo estrutural (dobramento)
BRCA1,p.Thr69Asp,69,T,D,-9.94174,0.7,0.295,10.26,False,Intermediário
BRCA1,p.Thr69Glu,69,T,E,-11.06754,0.7973,0.295,10.26,False,Intermediário
BRCA1,p.Thr69Phe,69,T,F,-8.54282,0.825,0.295,10.26,False,Intermediário
BRCA1,p.Thr69His,69,T,H,-8.56275,0.7771,0.295,10.26,False,Intermediário
BRCA1,p.Thr69Ile,69,T,I,-7.44155,0.7742,0.295,10.26,False,Intermediário
BRCA1,p.Thr69Lys,69,T,K,-10.11406,0.8999,0.295,10.26,False,Intermediário
BRCA1,p.Thr69Leu,69,T,L,-7.99579,0.7557,0.295,10.26,False,Intermediário
BRCA1,p.Thr69Met,69,T,M,-8.36485,0.7035,0.295,10.26,False,Intermediário
BRCA1,p.Thr69Arg,69,T,R,-9.93344,0.8767,0.295,10.26,False,Intermediário
BRCA1,p.Thr69Val,69,T,V,-8.44285,0.7696,0.295,10.26,False,Intermediário
BRCA1,p.Thr69Trp,69,T,W,-11.37101,0.7766,0.295,10.26,False,Intermediário
BRCA1,p.Thr69Tyr,69,T,Y,-9.1578,0.7125,0.295,10.26,False,Intermediário
BRCA1,p.Lys70Ala,70,K,A,-8.05642,0.7672,0.627,13.98,False,Superfície
BRCA1,p.Lys70Cys,70,K,C,-7.32747,0.7549,0.627,13.98,False,Superfície
BRCA1,p.Lys70Phe,70,K,F,-10.54344,0.8088,0.627,13.98,False,Superfície
BRCA1,p.Lys70Gly,70,K,G,-7.09524,0.7405,0.627,13.98,False,Superfície
BRCA1,p.Lys70Ile,70,K,I,-7.68772,0.7073,0.627,13.98,False,Superfície
BRCA1,p.Lys70Leu,70,K,L,-8.12712,0.7302,0.627,13.98,False,Superfície
BRCA1,p.Lys70Met,70,K,M,-8.04962,0.7456,0.627,13.98,False,Superfície
BRCA1,p.Lys70Pro,70,K,P,-7.48195,0.7766,0.627,13.98,False,Superfície
BRCA1,p.Lys70Val,70,K,V,-8.00009,0.7975,0.627,13.98,False,Superfície
BRCA1,p.Lys70Trp,70,K,W,-8.18708,0.8058,0.627,13.98,False,Superfície
BRCA1,p.Lys70Tyr,70,K,Y,-8.62496,0.7598,0.627,13.98,False,Superfície
BRCA1,p.Arg71Ala,71,R,A,-9.6532,0.8538,0.916,15.1,False,Superfície
BRCA1,p.Arg71Cys,71,R,C,-5.72831,0.7719,0.916,15.1,False,Superfície
BRCA1,p.Arg71Asp,71,R,D,-11.04514,0.8537,0.916,15.1,False,Superfície
BRCA1,p.Arg71Glu,71,R,E,-10.22774,0.844,0.916,15.1,False,Superfície
BRCA1,p.Arg71Phe,71,R,F,-10.77256,0.8363,0.916,15.1,False,Superfície
BRCA1,p.Arg71Gly,71,R,G,-7.6881,0.8434,0.916,15.1,False,Superfície
BRCA1,p.Arg71Ile,71,R,I,-9.03505,0.8574,0.916,15.1,False,Superfície
BRCA1,p.Arg71Lys,71,R,K,-5.67702,0.74,0.916,15.1,False,Superfície
BRCA1,p.Arg71Leu,71,R,L,-8.84613,0.8525,0.916,15.1,False,Superfície
BRCA1,p.Arg71Met,71,R,M,-9.00969,0.9207,0.916,15.1,False,Superfície
BRCA1,p.Arg71Asn,71,R,N,-8.06005,0.7548,0.916,15.1,False,Superfície
BRCA1,p.Arg71Pro,71,R,P,-9.58039,0.8818,0.916,15.1,False,Superfície
BRCA1,p.Arg71Gln,71,R,Q,-6.81371,0.7035,0.916,15.1,False,Superfície
BRCA1,p.Arg71Ser,71,R,S,-7.12142,0.8189,0.916,15.1,False,Superfície
BRCA1,p.Arg71Thr,71,R,T,-8.52604,0.8352,0.916,15.1,False,Superfície
BRCA1,p.Arg71Val,71,R,V,-10.2335,0.8642,0.916,15.1,False,Superfície
BRCA1,p.Arg71Trp,71,R,W,-6.93733,0.9167,0.916,15.1,False,Superfície
BRCA1,p.Arg71Tyr,71,R,Y,-9.29531,0.8097,0.916,15.1,False,Superfície
BRCA1,p.Ser72Asp,72,S,D,-7.96982,0.703,0.117,11.0,False,Núcleo estrutural (dobramento)
BRCA1,p.Ser72Glu,72,S,E,-8.84303,0.7535,0.117,11.0,False,Núcleo estrutural (dobramento)
BRCA1,p.Ser72Phe,72,S,F,-7.21623,0.8065,0.117,11.0,False,Núcleo estrutural (dobramento)
BRCA1,p.Ser72His,72,S,H,-7.71439,0.6958,0.117,11.0,False,Núcleo estrutural (dobramento)
BRCA1,p.Ser72Ile,72,S,I,-7.41918,0.8218,0.117,11.0,False,Núcleo estrutural (dobramento)
BRCA1,p.Ser72Lys,72,S,K,-8.14552,0.7986,0.117,11.0,False,Núcleo estrutural (dobramento)
BRCA1,p.Ser72Leu,72,S,L,-7.5436,0.793,0.117,11.0,False,Núcleo estrutural (dobramento)
BRCA1,p.Ser72Met,72,S,M,-7.81185,0.7131,0.117,11.0,False,Núcleo estrutural (dobramento)
BRCA1,p.Ser72Arg,72,S,R,-7.9123,0.6968,0.117,11.0,False,Núcleo estrutural (dobramento)
BRCA1,p.Ser72Val,72,S,V,-8.38614,0.7762,0.117,11.0,False,Núcleo estrutural (dobramento)
BRCA1,p.Ser72Trp,72,S,W,-9.90105,0.7706,0.117,11.0,False,Núcleo estrutural (dobramento)
BRCA1,p.Leu73Ala,73,L,A,-10.84378,0.7393,0.099,10.59,False,Núcleo estrutural (dobramento)
BRCA1,p.Leu73Asp,73,L,D,-13.16981,0.8964,0.099,10.59,False,Núcleo estrutural (dobramento)
BRCA1,p.Leu73Glu,73,L,E,-12.63717,0.9122,0.099,10.59,False,Núcleo estrutural (dobramento)
BRCA1,p.Leu73Gly,73,L,G,-13.50043,0.9386,0.099,10.59,False,Núcleo estrutural (dobramento)
BRCA1,p.Leu73His,73,L,H,-9.44104,0.8602,0.099,10.59,False,Núcleo estrutural (dobramento)
BRCA1,p.Leu73Lys,73,L,K,-12.23731,0.8768,0.099,10.59,False,Núcleo estrutural (dobramento)
BRCA1,p.Leu73Asn,73,L,N,-11.31416,0.9175,0.099,10.59,False,Núcleo estrutural (dobramento)
BRCA1,p.Leu73Pro,73,L,P,-8.60893,0.9851,0.099,10.59,False,Núcleo estrutural (dobramento)
BRCA1,p.Leu73Gln,73,L,Q,-9.66383,0.9118,0.099,10.59,False,Núcleo estrutural (dobramento)
BRCA1,p.Leu73Arg,73,L,R,-10.79388,0.8532,0.099,10.59,False,Núcleo estrutural (dobramento)
BRCA1,p.Leu73Ser,73,L,S,-9.08368,0.8335,0.099,10.59,False,Núcleo estrutural (dobramento)
BRCA1,p.Leu73Thr,73,L,T,-8.79123,0.8524,0.099,10.59,False,Núcleo estrutural (dobramento)
BRCA1,p.Leu73Trp,73,L,W,-11.24581,0.8663,0.099,10.59,False,Núcleo estrutural (dobramento)
BRCA1,p.Leu73Tyr,73,L,Y,-9.11304,0.9186,0.099,10.59,False,Núcleo estrutural (dobramento)
BRCA1,p.Gln74Ala,74,Q,A,-9.73747,0.7763,0.44,11.34,True,Interface BARD1
BRCA1,p.Gln74Phe,74,Q,F,-8.6993,0.7954,0.44,11.34,True,Interface BARD1
BRCA1,p.Gln74Gly,74,Q,G,-7.40542,0.7459,0.44,11.34,True,Interface BARD1
BRCA1,p.Gln74Ile,74,Q,I,-8.13534,0.7307,0.44,11.34,True,Interface BARD1
BRCA1,p.Gln74Met,74,Q,M,-9.18756,0.7343,0.44,11.34,True,Interface BARD1
BRCA1,p.Gln74Pro,74,Q,P,-9.26753,0.8164,0.44,11.34,True,Interface BARD1
BRCA1,p.Gln74Val,74,Q,V,-8.20956,0.8382,0.44,11.34,True,Interface BARD1
BRCA1,p.Gln74Trp,74,Q,W,-7.76089,0.7553,0.44,11.34,True,Interface BARD1
BRCA1,p.Gln74Tyr,74,Q,Y,-6.08709,0.6886,0.44,11.34,True,Interface BARD1
BRCA1,p.Glu75Ala,75,E,A,-6.18084,0.6872,0.319,11.14,False,Intermediário
BRCA1,p.Glu75Cys,75,E,C,-7.54922,0.754,0.319,11.14,False,Intermediário
BRCA1,p.Glu75Phe,75,E,F,-10.24172,0.7634,0.319,11.14,False,Intermediário
BRCA1,p.Glu75Ile,75,E,I,-8.18715,0.7415,0.319,11.14,False,Intermediário
BRCA1,p.Glu75Leu,75,E,L,-8.46872,0.7668,0.319,11.14,False,Intermediário
BRCA1,p.Glu75Met,75,E,M,-9.64687,0.7216,0.319,11.14,False,Intermediário
BRCA1,p.Glu75Pro,75,E,P,-6.52042,0.735,0.319,11.14,False,Intermediário
BRCA1,p.Glu75Val,75,E,V,-5.78451,0.7098,0.319,11.14,False,Intermediário
BRCA1,p.Glu75Trp,75,E,W,-11.68203,0.7487,0.319,11.14,False,Intermediário
BRCA1,p.Glu75Tyr,75,E,Y,-8.26969,0.7121,0.319,11.14,False,Intermediário
BRCA1,p.Ser76Glu,76,S,E,-6.76177,0.7031,0.429,8.16,True,Interface BARD1
BRCA1,p.Ser76His,76,S,H,-6.57245,0.6778,0.429,8.16,True,Interface BARD1
BRCA1,p.Ser76Ile,76,S,I,-7.47431,0.8185,0.429,8.16,True,Interface BARD1
BRCA1,p.Ser76Lys,76,S,K,-9.6619,0.8218,0.429,8.16,True,Interface BARD1
BRCA1,p.Ser76Met,76,S,M,-7.92594,0.7169,0.429,8.16,True,Interface BARD1
BRCA1,p.Ser76Arg,76,S,R,-9.09973,0.7544,0.429,8.16,True,Interface BARD1
BRCA1,p.Ser76Val,76,S,V,-6.172,0.7505,0.429,8.16,True,Interface BARD1
BRCA1,p.Ser76Trp,76,S,W,-10.13178,0.7706,0.429,8.16,True,Interface BARD1
BRCA1,p.Arg78Ala,78,R,A,-5.80096,0.7296,0.457,8.31,True,Interface BARD1
BRCA1,p.Arg78Asp,78,R,D,-7.26535,0.8176,0.457,8.31,True,Interface BARD1
BRCA1,p.Arg78Glu,78,R,E,-6.02467,0.7635,0.457,8.31,True,Interface BARD1
BRCA1,p.Arg78Phe,78,R,F,-6.30433,0.7949,0.457,8.31,True,Interface BARD1
BRCA1,p.Arg78Ile,78,R,I,-6.37378,0.823,0.457,8.31,True,Interface BARD1
BRCA1,p.Arg78Met,78,R,M,-7.93336,0.9159,0.457,8.31,True,Interface BARD1
BRCA1,p.Arg78Pro,78,R,P,-5.58712,0.7861,0.457,8.31,True,Interface BARD1
BRCA1,p.Arg78Thr,78,R,T,-5.93432,0.7927,0.457,8.31,True,Interface BARD1
BRCA1,p.Arg78Val,78,R,V,-6.43802,0.835,0.457,8.31,True,Interface BARD1
BRCA1,p.Arg78Trp,78,R,W,-6.85479,0.9167,0.457,8.31,True,Interface BARD1
BRCA1,p.Phe79Ala,79,F,A,-7.67144,0.752,0.18,11.4,True,Interface BARD1
BRCA1,p.Phe79Cys,79,F,C,-5.88098,0.6961,0.18,11.4,True,Interface BARD1
BRCA1,p.Phe79Asp,79,F,D,-12.11861,0.8971,0.18,11.4,True,Interface BARD1
BRCA1,p.Phe79Glu,79,F,E,-12.12077,0.9057,0.18,11.4,True,Interface BARD1
BRCA1,p.Phe79Gly,79,F,G,-9.42751,0.9006,0.18,11.4,True,Interface BARD1
BRCA1,p.Phe79Lys,79,F,K,-10.77105,0.9024,0.18,11.4,True,Interface BARD1
BRCA1,p.Phe79Asn,79,F,N,-7.37405,0.8757,0.18,11.4,True,Interface BARD1
BRCA1,p.Phe79Pro,79,F,P,-7.66908,0.9119,0.18,11.4,True,Interface BARD1
BRCA1,p.Phe79Gln,79,F,Q,-6.30438,0.8431,0.18,11.4,True,Interface BARD1
BRCA1,p.Phe79Arg,79,F,R,-9.64455,0.868,0.18,11.4,True,Interface BARD1
BRCA1,p.Phe79Ser,79,F,S,-6.13563,0.8036,0.18,11.4,True,Interface BARD1
BRCA1,p.Phe79Thr,79,F,T,-6.87608,0.8513,0.18,11.4,True,Interface BARD1
BRCA1,p.Phe79Trp,79,F,W,-6.96708,0.7815,0.18,11.4,True,Interface BARD1
BRCA1,p.Ser80Trp,80,S,W,-7.87959,0.7352,0.111,12.31,False,Núcleo estrutural (dobramento)
BRCA1,p.Gln81Pro,81,Q,P,-5.72926,0.7457,0.591,12.67,True,Interface BARD1
BRCA1,p.Gln81Val,81,Q,V,-4.16842,0.6771,0.591,12.67,True,Interface BARD1
BRCA1,p.Gln81Trp,81,Q,W,-7.63778,0.7519,0.591,12.67,True,Interface BARD1
BRCA1,p.Leu82Asp,82,L,D,-11.18112,0.8964,0.428,13.54,True,Interface BARD1
BRCA1,p.Leu82Glu,82,L,E,-9.54045,0.9122,0.428,13.54,True,Interface BARD1
BRCA1,p.Leu82Gly,82,L,G,-9.24317,0.9201,0.428,13.54,True,Interface BARD1
BRCA1,p.Leu82His,82,L,H,-8.76648,0.8589,0.428,13.54,True,Interface BARD1
BRCA1,p.Leu82Lys,82,L,K,-9.04269,0.8742,0.428,13.54,True,Interface BARD1
BRCA1,p.Leu82Asn,82,L,N,-8.5059,0.9142,0.428,13.54,True,Interface BARD1
BRCA1,p.Leu82Pro,82,L,P,-7.95715,0.9803,0.428,13.54,True,Interface BARD1
BRCA1,p.Leu82Gln,82,L,Q,-6.79059,0.8539,0.428,13.54,True,Interface BARD1
BRCA1,p.Leu82Arg,82,L,R,-9.56091,0.8532,0.428,13.54,True,Interface BARD1
BRCA1,p.Leu82Ser,82,L,S,-6.8431,0.8148,0.428,13.54,True,Interface BARD1
BRCA1,p.Leu82Trp,82,L,W,-8.74179,0.8649,0.428,13.54,True,Interface BARD1
BRCA1,p.Leu82Tyr,82,L,Y,-8.35108,0.9198,0.428,13.54,True,Interface BARD1
BRCA1,p.Val83Asp,83,V,D,-13.28256,0.9105,0.015,10.07,False,Núcleo estrutural (dobramento)
BRCA1,p.Val83Glu,83,V,E,-10.14274,0.9533,0.015,10.07,False,Núcleo estrutural (dobramento)
BRCA1,p.Val83Phe,83,V,F,-8.04223,0.7838,0.015,10.07,False,Núcleo estrutural (dobramento)
BRCA1,p.Val83Gly,83,V,G,-8.63217,0.9232,0.015,10.07,False,Núcleo estrutural (dobramento)
BRCA1,p.Val83His,83,V,H,-9.60065,0.8891,0.015,10.07,False,Núcleo estrutural (dobramento)
BRCA1,p.Val83Lys,83,V,K,-8.2549,0.9026,0.015,10.07,False,Núcleo estrutural (dobramento)
BRCA1,p.Val83Asn,83,V,N,-8.32834,0.9168,0.015,10.07,False,Núcleo estrutural (dobramento)
BRCA1,p.Val83Pro,83,V,P,-14.03838,0.9433,0.015,10.07,False,Núcleo estrutural (dobramento)
BRCA1,p.Val83Gln,83,V,Q,-8.35217,0.9492,0.015,10.07,False,Núcleo estrutural (dobramento)
BRCA1,p.Val83Arg,83,V,R,-8.72337,0.8677,0.015,10.07,False,Núcleo estrutural (dobramento)
BRCA1,p.Val83Ser,83,V,S,-5.95995,0.7663,0.015,10.07,False,Núcleo estrutural (dobramento)
BRCA1,p.Val83Trp,83,V,W,-10.41252,0.9044,0.015,10.07,False,Núcleo estrutural (dobramento)
BRCA1,p.Val83Tyr,83,V,Y,-8.83646,0.9368,0.015,10.07,False,Núcleo estrutural (dobramento)
BRCA1,p.Glu84Pro,84,E,P,-6.15993,0.735,0.418,13.8,False,Superfície
BRCA1,p.Glu84Trp,84,E,W,-7.22735,0.7175,0.418,13.8,False,Superfície
BRCA1,p.Glu84Tyr,84,E,Y,-6.26423,0.6766,0.418,13.8,False,Superfície
BRCA1,p.Glu85Phe,85,E,F,-7.1397,0.7449,0.434,16.64,True,Interface BARD1
BRCA1,p.Glu85Ile,85,E,I,-6.41041,0.7259,0.434,16.64,True,Interface BARD1
BRCA1,p.Glu85Leu,85,E,L,-6.88557,0.7516,0.434,16.64,True,Interface BARD1
BRCA1,p.Glu85Met,85,E,M,-7.6047,0.693,0.434,16.64,True,Interface BARD1
BRCA1,p.Glu85Pro,85,E,P,-7.77966,0.7355,0.434,16.64,True,Interface BARD1
BRCA1,p.Glu85Trp,85,E,W,-8.32232,0.7362,0.434,16.64,True,Interface BARD1
BRCA1,p.Leu86Ala,86,L,A,-6.96916,0.727,0.022,14.23,False,Núcleo estrutural (dobramento)
BRCA1,p.Leu86Asp,86,L,D,-12.21444,0.8964,0.022,14.23,False,Núcleo estrutural (dobramento)
BRCA1,p.Leu86Glu,86,L,E,-10.48904,0.9122,0.022,14.23,False,Núcleo estrutural (dobramento)
BRCA1,p.Leu86Gly,86,L,G,-9.59879,0.9201,0.022,14.23,False,Núcleo estrutural (dobramento)
BRCA1,p.Leu86His,86,L,H,-6.45266,0.794,0.022,14.23,False,Núcleo estrutural (dobramento)
BRCA1,p.Leu86Lys,86,L,K,-10.91618,0.8768,0.022,14.23,False,Núcleo estrutural (dobramento)
BRCA1,p.Leu86Asn,86,L,N,-8.23501,0.911,0.022,14.23,False,Núcleo estrutural (dobramento)
BRCA1,p.Leu86Pro,86,L,P,-10.24547,0.9847,0.022,14.23,False,Núcleo estrutural (dobramento)
BRCA1,p.Leu86Gln,86,L,Q,-5.69441,0.6783,0.022,14.23,False,Núcleo estrutural (dobramento)
BRCA1,p.Leu86Arg,86,L,R,-11.19276,0.8532,0.022,14.23,False,Núcleo estrutural (dobramento)
BRCA1,p.Leu86Ser,86,L,S,-6.69922,0.8091,0.022,14.23,False,Núcleo estrutural (dobramento)
BRCA1,p.Leu86Thr,86,L,T,-6.48482,0.8119,0.022,14.23,False,Núcleo estrutural (dobramento)
BRCA1,p.Leu86Trp,86,L,W,-6.69156,0.839,0.022,14.23,False,Núcleo estrutural (dobramento)
BRCA1,p.Leu87Gly,87,L,G,-3.24404,0.689,0.358,12.99,False,Intermediário
BRCA1,p.Leu87Pro,87,L,P,-6.94491,0.9727,0.358,12.99,False,Intermediário
BRCA1,p.Lys88Trp,88,K,W,-7.37581,0.7945,0.53,18.36,True,Interface BARD1
BRCA1,p.Ile89Asp,89,I,D,-8.64151,0.8521,0.305,19.74,True,Interface BARD1
BRCA1,p.Ile89Glu,89,I,E,-7.31932,0.8403,0.305,19.74,True,Interface BARD1
BRCA1,p.Ile89Lys,89,I,K,-7.48379,0.7814,0.305,19.74,True,Interface BARD1
BRCA1,p.Ile89Pro,89,I,P,-6.85967,0.922,0.305,19.74,True,Interface BARD1
BRCA1,p.Ile89Arg,89,I,R,-7.48827,0.7855,0.305,19.74,True,Interface BARD1
BRCA1,p.Ile89Trp,89,I,W,-7.53325,0.845,0.305,19.74,True,Interface BARD1
BRCA1,p.Ile89Tyr,89,I,Y,-5.65545,0.7014,0.305,19.74,True,Interface BARD1
BRCA1,p.Ile90Asp,90,I,D,-9.01641,0.8521,0.047,16.23,False,Núcleo estrutural (dobramento)
BRCA1,p.Ile90Glu,90,I,E,-8.31727,0.865,0.047,16.23,False,Núcleo estrutural (dobramento)
BRCA1,p.Ile90Gly,90,I,G,-6.94309,0.8588,0.047,16.23,False,Núcleo estrutural (dobramento)
BRCA1,p.Ile90His,90,I,H,-5.99109,0.7312,0.047,16.23,False,Núcleo estrutural (dobramento)
BRCA1,p.Ile90Pro,90,I,P,-8.30547,0.9375,0.047,16.23,False,Núcleo estrutural (dobramento)
BRCA1,p.Ile90Trp,90,I,W,-9.13372,0.8675,0.047,16.23,False,Núcleo estrutural (dobramento)
BRCA1,p.Ile90Tyr,90,I,Y,-6.95749,0.8763,0.047,16.23,False,Núcleo estrutural (dobramento)
BRCA1,p.Ala92Glu,92,A,E,-4.40928,0.684,0.309,23.35,True,Interface BARD1
BRCA1,p.Ala92His,92,A,H,-4.37181,0.6765,0.309,23.35,True,Interface BARD1
BRCA1,p.Ala92Lys,92,A,K,-2.88951,0.6754,0.309,23.35,True,Interface BARD1
BRCA1,p.Ala92Pro,92,A,P,-5.78106,0.8714,0.309,23.35,True,Interface BARD1
BRCA1,p.Ala92Trp,92,A,W,-7.53533,0.8374,0.309,23.35,True,Interface BARD1
BRCA1,p.Ala92Tyr,92,A,Y,-5.31258,0.7374,0.309,23.35,True,Interface BARD1
BRCA1,p.Phe93Ala,93,F,A,-7.15142,0.7493,0.05,23.73,True,Interface BARD1
BRCA1,p.Phe93Asp,93,F,D,-9.71283,0.8971,0.05,23.73,True,Interface BARD1
BRCA1,p.Phe93Glu,93,F,E,-10.24016,0.9057,0.05,23.73,True,Interface BARD1
BRCA1,p.Phe93Gly,93,F,G,-10.0669,0.9006,0.05,23.73,True,Interface BARD1
BRCA1,p.Phe93Lys,93,F,K,-9.89708,0.9024,0.05,23.73,True,Interface BARD1
BRCA1,p.Phe93Asn,93,F,N,-8.17593,0.8822,0.05,23.73,True,Interface BARD1
BRCA1,p.Phe93Pro,93,F,P,-9.3224,0.9257,0.05,23.73,True,Interface BARD1
BRCA1,p.Phe93Gln,93,F,Q,-8.58519,0.9104,0.05,23.73,True,Interface BARD1
BRCA1,p.Phe93Arg,93,F,R,-9.24769,0.868,0.05,23.73,True,Interface BARD1
BRCA1,p.Phe93Ser,93,F,S,-6.05056,0.7921,0.05,23.73,True,Interface BARD1
BRCA1,p.Phe93Thr,93,F,T,-7.82949,0.866,0.05,23.73,True,Interface BARD1
BRCA1,p.Phe93Trp,93,F,W,-7.42191,0.7894,0.05,23.73,True,Interface BARD1
BRCA1,p.Gln94Phe,94,Q,F,-7.01358,0.7823,0.372,20.62,False,Intermediário
BRCA1,p.Gln94Pro,94,Q,P,-6.27465,0.7928,0.372,20.62,False,Intermediário
BRCA1,p.Gln94Trp,94,Q,W,-8.0426,0.767,0.372,20.62,False,Intermediário
BRCA1,p.Leu95Gly,95,L,G,-4.07083,0.6993,0.727,26.14,False,Superfície
BRCA1,p.Leu95Pro,95,L,P,-5.62176,0.8283,0.727,26.14,False,Superfície
BRCA1,p.Leu95Trp,95,L,W,-6.0842,0.8151,0.727,26.14,False,Superfície
BRCA1,p.Asp96Ala,96,D,A,-1.74364,0.7409,0.465,28.52,True,Interface BARD1
BRCA1,p.Asp96Phe,96,D,F,-5.52312,0.7052,0.465,28.52,True,Interface BARD1
BRCA1,p.Asp96Gly,96,D,G,-3.39594,0.808,0.465,28.52,True,Interface BARD1
BRCA1,p.Asp96Pro,96,D,P,-7.60053,0.7435,0.465,28.52,True,Interface BARD1
BRCA1,p.Asp96Val,96,D,V,-3.46238,0.7327,0.465,28.52,True,Interface BARD1
BRCA1,p.Asp96Trp,96,D,W,-7.93216,0.7542,0.465,28.52,True,Interface BARD1
BRCA1,p.Thr97Trp,97,T,W,-7.35781,0.7384,0.012,27.6,False,Núcleo estrutural (dobramento)
BRCA1,p.Gly98Cys,98,G,C,-6.17879,0.871,0.449,27.53,False,Superfície
BRCA1,p.Gly98Phe,98,G,F,-9.37504,0.8505,0.449,27.53,False,Superfície
BRCA1,p.Gly98His,98,G,H,-7.12962,0.8202,0.449,27.53,False,Superfície
BRCA1,p.Gly98Ile,98,G,I,-9.23976,0.85,0.449,27.53,False,Superfície
BRCA1,p.Gly98Lys,98,G,K,-5.82211,0.7502,0.449,27.53,False,Superfície
BRCA1,p.Gly98Leu,98,G,L,-8.80434,0.8557,0.449,27.53,False,Superfície
BRCA1,p.Gly98Met,98,G,M,-9.21982,0.7961,0.449,27.53,False,Superfície
BRCA1,p.Gly98Pro,98,G,P,-8.65286,0.8226,0.449,27.53,False,Superfície
BRCA1,p.Gly98Gln,98,G,Q,-6.7367,0.875,0.449,27.53,False,Superfície
BRCA1,p.Gly98Arg,98,G,R,-5.95584,0.7871,0.449,27.53,False,Superfície
BRCA1,p.Gly98Thr,98,G,T,-6.94689,0.7485,0.449,27.53,False,Superfície
BRCA1,p.Gly98Val,98,G,V,-7.52958,0.8735,0.449,27.53,False,Superfície
BRCA1,p.Gly98Trp,98,G,W,-9.95849,0.8904,0.449,27.53,False,Superfície
BRCA1,p.Gly98Tyr,98,G,Y,-9.1692,0.8638,0.449,27.53,False,Superfície
BRCA1,p.Leu99Gly,99,L,G,-5.66018,0.8052,0.145,24.56,False,Núcleo estrutural (dobramento)
BRCA1,p.Leu99Pro,99,L,P,-6.01628,0.9419,0.145,24.56,False,Núcleo estrutural (dobramento)
BRCA1,p.Tyr101Gly,101,Y,G,-2.74526,0.6896,0.151,15.46,False,Intermediário
BRCA1,p.Ala102Pro,102,A,P,0.54311,0.6909,0.471,16.26,False,Superfície
