gene,position,aa_ref,aa_alt,hgvs_p,functional_domain,pathogenicity_prob,acmg_evidence
BRCA1,48,M,R,p.Met48Arg,RING,0.9906,PP3_Strong
BRCA1,52,L,P,p.Leu52Pro,RING,0.9856,PP3_Strong
BRCA1,28,L,P,p.Leu28Pro,RING,0.9851,PP3_Strong
BRCA1,51,L,P,p.Leu51Pro,RING,0.9849,PP3_Strong
BRCA1,86,L,P,p.Leu86Pro,RING,0.9847,PP3_Strong
BRCA1,49,L,P,p.Leu49Pro,RING,0.9841,PP3_Strong
BRCA1,1844,L,P,p.Leu1844Pro,BRCT2,0.9749,PP3_Strong
BRCA1,1652,M,K,p.Met1652Lys,BRCT1,0.9739,PP3_Strong
BRCA2,2540,L,P,p.Leu2540Pro,DBD_helical,0.9684,PP3_Strong
BRCA2,2654,L,P,p.Leu2654Pro,DBD_helical,0.9679,PP3_Strong
BRCA2,2523,L,P,p.Leu2523Pro,DBD_helical,0.9679,PP3_Strong
BRCA2,2656,L,P,p.Leu2656Pro,DBD_helical,0.9675,PP3_Strong
BRCA1,1657,L,P,p.Leu1657Pro,BRCT1,0.9672,PP3_Strong
BRCA2,2631,L,P,p.Leu2631Pro,DBD_helical,0.9671,PP3_Strong
BRCA1,1729,L,P,p.Leu1729Pro,BRCT1,0.9664,PP3_Strong
BRCA2,2587,L,P,p.Leu2587Pro,DBD_helical,0.9653,PP3_Strong
BRCA1,1701,L,P,p.Leu1701Pro,BRCT1,0.9635,PP3_Strong
BRCA1,1768,C,G,p.Cys1768Gly,BRCT2,0.9608,PP3_Strong
BRCA2,2614,L,P,p.Leu2614Pro,DBD_helical,0.9607,PP3_Strong
BRCA2,2721,L,P,p.Leu2721Pro,DBD_OB1,0.9603,PP3_Strong
BRCA1,1679,L,P,p.Leu1679Pro,BRCT1,0.9576,PP3_Strong
BRCA1,1789,A,P,p.Ala1789Pro,BRCT2,0.9572,PP3_Strong
BRCA1,61,C,F,p.Cys61Phe,RING,0.9555,PP3_Strong
BRCA1,1850,L,P,p.Leu1850Pro,BRCT2,0.951,PP3_Strong
BRCA1,1697,C,G,p.Cys1697Gly,BRCT1,0.9498,PP3_Strong
BRCA2,2774,L,P,p.Leu2774Pro,DBD_OB1,0.9487,PP3_Strong
BRCA2,2768,L,P,p.Leu2768Pro,DBD_OB1,0.9479,PP3_Strong
BRCA1,1842,V,E,p.Val1842Glu,BRCT2,0.9427,PP3_Strong
BRCA1,1791,V,E,p.Val1791Glu,BRCT2,0.9427,PP3_Strong
BRCA1,1808,V,E,p.Val1808Glu,BRCT2,0.9427,PP3_Strong
BRCA1,1792,V,E,p.Val1792Glu,BRCT2,0.9422,PP3_Strong
BRCA2,3180,L,P,p.Leu3180Pro,DBD_OB3,0.9421,PP3_Strong
BRCA2,3125,L,P,p.Leu3125Pro,DBD_OB3,0.9415,PP3_Strong
BRCA1,1845,Y,C,p.Tyr1845Cys,BRCT2,0.9382,PP3_Strong
BRCA1,1665,V,E,p.Val1665Glu,BRCT1,0.9373,PP3_Strong
BRCA1,1719,V,E,p.Val1719Glu,BRCT1,0.9373,PP3_Strong
BRCA1,1713,V,E,p.Val1713Glu,BRCT1,0.9373,PP3_Strong
BRCA2,2567,Y,D,p.Tyr2567Asp,DBD_helical,0.9369,PP3_Strong
BRCA1,1697,C,W,p.Cys1697Trp,BRCT1,0.9345,PP3_Strong
BRCA2,2753,L,P,p.Leu2753Pro,DBD_OB1,0.9335,PP3_Strong
BRCA1,1768,C,Y,p.Cys1768Tyr,BRCT2,0.9303,PP3_Strong
BRCA2,2758,L,P,p.Leu2758Pro,DBD_OB1,0.9302,PP3_Strong
BRCA2,2512,L,P,p.Leu2512Pro,DBD_helical,0.9292,PP3_Strong
BRCA1,1810,V,G,p.Val1810Gly,BRCT2,0.9287,PP3_Strong
BRCA1,1791,V,G,p.Val1791Gly,BRCT2,0.9281,PP3_Strong
BRCA2,3055,L,P,p.Leu3055Pro,DBD_OB3,0.9266,PP3_Strong
BRCA1,1815,W,S,p.Trp1815Ser,BRCT2,0.9253,PP3_Strong
BRCA1,1830,A,E,p.Ala1830Glu,BRCT2,0.9179,PP3_Strong
BRCA1,1847,C,Y,p.Cys1847Tyr,BRCT2,0.9178,PP3_Strong
BRCA1,1787,C,W,p.Cys1787Trp,BRCT2,0.9158,PP3_Strong
BRCA1,1843,A,E,p.Ala1843Glu,BRCT2,0.9149,PP3_Strong
BRCA1,1808,V,G,p.Val1808Gly,BRCT2,0.9112,PP3_Strong
BRCA1,1716,Y,K,p.Tyr1716Lys,BRCT1,0.9071,PP3_Strong
BRCA2,2724,G,E,p.Gly2724Glu,DBD_OB1,0.9062,PP3_Strong
BRCA1,57,G,E,p.Gly57Glu,RING,0.9031,PP3_Strong
BRCA1,1847,C,W,p.Cys1847Trp,BRCT2,0.9007,PP3_Strong
BRCA2,2660,Y,C,p.Tyr2660Cys,DBD_helical,0.8954,PP3_Strong
BRCA1,1718,W,S,p.Trp1718Ser,BRCT1,0.8952,PP3_Strong
BRCA2,3109,L,P,p.Leu3109Pro,DBD_OB3,0.8939,PP3_Strong
BRCA1,1712,W,R,p.Trp1712Arg,BRCT1,0.8922,PP3_Strong
BRCA2,2624,Y,C,p.Tyr2624Cys,DBD_helical,0.8919,PP3_Strong
BRCA1,1718,W,R,p.Trp1718Arg,BRCT1,0.8914,PP3_Strong
BRCA1,57,G,W,p.Gly57Trp,RING,0.8904,PP3_Strong
BRCA1,1718,W,L,p.Trp1718Leu,BRCT1,0.8884,PP3_Strong
BRCA1,1788,G,D,p.Gly1788Asp,BRCT2,0.8873,PP3_Strong
BRCA1,1783,M,T,p.Met1783Thr,BRCT2,0.8862,PP3_Strong
BRCA1,1770,G,E,p.Gly1770Glu,BRCT2,0.8858,PP3_Strong
BRCA1,1763,G,V,p.Gly1763Val,BRCT2,0.8852,PP3_Strong
BRCA1,1729,L,G,p.Leu1729Gly,BRCT1,0.8847,PP3_Strong
BRCA1,1847,C,F,p.Cys1847Phe,BRCT2,0.8839,PP3_Strong
BRCA1,1787,C,R,p.Cys1787Arg,BRCT2,0.8839,PP3_Strong
BRCA1,48,M,T,p.Met48Thr,RING,0.8833,PP3_Strong
BRCA2,2508,G,D,p.Gly2508Asp,DBD_helical,0.876,PP3_Strong
BRCA1,98,G,V,p.Gly98Val,RING,0.8735,PP3_Strong
BRCA1,1775,M,T,p.Met1775Thr,BRCT2,0.8717,PP3_Strong
BRCA1,92,A,P,p.Ala92Pro,RING,0.8714,PP3_Strong
BRCA1,57,G,R,p.Gly57Arg,RING,0.8698,PP3_Strong
BRCA2,2660,Y,N,p.Tyr2660Asn,DBD_helical,0.8674,PP3_Strong
BRCA2,2544,G,D,p.Gly2544Asp,DBD_helical,0.8673,PP3_Strong
BRCA1,30,L,W,p.Leu30Trp,RING,0.8641,PP3_Strong
BRCA1,1783,M,V,p.Met1783Val,BRCT2,0.8623,PP3_Strong
BRCA1,43,F,S,p.Phe43Ser,RING,0.8601,PP3_Strong
BRCA1,62,P,R,p.Pro62Arg,RING,0.8592,PP3_Strong
BRCA1,1770,G,A,p.Gly1770Ala,BRCT2,0.8572,PP3_Strong
BRCA2,2760,G,D,p.Gly2760Asp,DBD_OB1,0.8547,PP3_Strong
BRCA1,1832,V,G,p.Val1832Gly,BRCT2,0.8541,PP3_Strong
BRCA1,49,L,R,p.Leu49Arg,RING,0.8532,PP3_Strong
BRCA1,82,L,R,p.Leu82Arg,RING,0.8532,PP3_Strong
BRCA1,1722,S,F,p.Ser1722Phe,BRCT1,0.8515,PP3_Strong
BRCA1,1767,C,R,p.Cys1767Arg,BRCT2,0.8501,PP3_Strong
BRCA1,31,I,N,p.Ile31Asn,RING,0.8496,PP3_Strong
BRCA1,1789,A,S,p.Ala1789Ser,BRCT2,0.8495,PP3_Strong
BRCA2,2770,A,D,p.Ala2770Asp,DBD_OB1,0.8472,PP3_Strong
BRCA2,2786,A,D,p.Ala2786Asp,DBD_OB1,0.8472,PP3_Strong
BRCA1,1710,G,E,p.Gly1710Glu,BRCT1,0.8447,PP3_Strong
BRCA2,2578,G,E,p.Gly2578Glu,DBD_helical,0.844,PP3_Strong
BRCA1,1704,F,S,p.Phe1704Ser,BRCT1,0.8417,PP3_Strong
BRCA1,1729,L,Q,p.Leu1729Gln,BRCT1,0.8416,PP3_Strong
BRCA1,1715,S,I,p.Ser1715Ile,BRCT1,0.8413,PP3_Strong
BRCA2,2652,V,E,p.Val2652Glu,DBD_helical,0.8405,PP3_Strong
BRCA1,1668,F,S,p.Phe1668Ser,BRCT1,0.8402,PP3_Strong
BRCA1,1697,C,S,p.Cys1697Ser,BRCT1,0.8389,PP3_Strong
BRCA2,2527,V,E,p.Val2527Glu,DBD_helical,0.8387,PP3_Strong
BRCA1,1751,R,L,p.Arg1751Leu,linker,0.8358,PP3_Strong
BRCA1,1699,R,P,p.Arg1699Pro,BRCT1,0.8354,PP3_Strong
BRCA1,1700,T,I,p.Thr1700Ile,BRCT1,0.8309,PP3_Strong
BRCA2,2991,R,L,p.Arg2991Leu,linker,0.8303,PP3_Strong
BRCA2,2619,W,S,p.Trp2619Ser,DBD_helical,0.8302,PP3_Strong
BRCA1,68,I,R,p.Ile68Arg,RING,0.8296,PP3_Strong
BRCA1,1733,D,V,p.Asp1733Val,BRCT1,0.8269,PP3_Strong
BRCA1,68,I,K,p.Ile68Lys,RING,0.8259,PP3_Strong
BRCA2,2511,Y,N,p.Tyr2511Asn,DBD_helical,0.8246,PP3_Strong
BRCA2,2620,V,D,p.Val2620Asp,DBD_helical,0.8241,PP3_Strong
BRCA1,78,R,I,p.Arg78Ile,RING,0.823,PP3_Strong
BRCA2,2669,R,I,p.Arg2669Ile,linker,0.8224,PP3_Strong
BRCA1,26,I,T,p.Ile26Thr,RING,0.8219,PP3_Strong
BRCA1,72,S,I,p.Ser72Ile,RING,0.8218,PP3_Strong
BRCA1,1689,M,T,p.Met1689Thr,BRCT1,0.821,PP3_Strong
BRCA1,1723,I,N,p.Ile1723Asn,BRCT1,0.8195,PP3_Strong
BRCA1,71,R,S,p.Arg71Ser,RING,0.8189,PP3_Strong
BRCA2,2595,A,P,p.Ala2595Pro,DBD_helical,0.8185,PP3_Strong
BRCA2,2525,A,P,p.Ala2525Pro,DBD_helical,0.818,PP3_Strong
BRCA1,1763,G,A,p.Gly1763Ala,BRCT2,0.8176,PP3_Strong
BRCA2,2615,I,N,p.Ile2615Asn,DBD_helical,0.8171,PP3_Strong
BRCA1,1839,L,W,p.Leu1839Trp,BRCT2,0.8164,PP3_Strong
BRCA2,2725,W,G,p.Trp2725Gly,DBD_OB1,0.8159,PP3_Strong
BRCA1,1835,R,G,p.Arg1835Gly,BRCT2,0.8158,PP3_Strong
BRCA1,35,V,F,p.Val35Phe,RING,0.8141,PP3_Strong
BRCA1,1785,Q,P,p.Gln1785Pro,BRCT2,0.8101,PP3_Strong
BRCA2,2780,A,P,p.Ala2780Pro,DBD_OB1,0.8084,PP3_Strong
BRCA1,1663,M,K,p.Met1663Lys,BRCT1,0.808,PP3_Strong
BRCA1,1686,H,P,p.His1686Pro,BRCT1,0.8068,PP3_Strong
BRCA2,3072,V,E,p.Val3072Glu,DBD_OB3,0.8068,PP3_Strong
BRCA1,68,I,T,p.Ile68Thr,RING,0.805,PP3_Strong
BRCA1,1716,Y,N,p.Tyr1716Asn,BRCT1,0.8042,PP3_Strong
BRCA2,2557,A,E,p.Ala2557Glu,DBD_helical,0.8041,PP3_Strong
BRCA1,79,F,S,p.Phe79Ser,RING,0.8036,PP3_Strong
BRCA1,48,M,V,p.Met48Val,RING,0.8021,PP3_Strong
BRCA2,3091,V,D,p.Val3091Asp,DBD_OB3,0.7992,PP3_Strong
BRCA2,3079,V,D,p.Val3079Asp,DBD_OB3,0.7992,PP3_Strong
BRCA2,2973,R,L,p.Arg2973Leu,linker,0.7978,PP3_Strong
BRCA1,1677,T,I,p.Thr1677Ile,BRCT1,0.7969,PP3_Strong
BRCA1,1651,S,F,p.Ser1651Phe,BRCT1,0.7959,PP3_Strong
BRCA1,67,D,G,p.Asp67Gly,RING,0.7937,PP3_Strong
BRCA1,1735,E,V,p.Glu1735Val,BRCT1,0.793,PP3_Strong
BRCA2,2586,W,S,p.Trp2586Ser,DBD_helical,0.7929,PP3_Strong
BRCA1,94,Q,P,p.Gln94Pro,RING,0.7928,PP3_Strong
BRCA1,19,Q,P,p.Gln19Pro,RING,0.7928,PP3_Strong
BRCA2,2786,A,P,p.Ala2786Pro,DBD_OB1,0.7925,PP3_Strong
BRCA1,36,S,F,p.Ser36Phe,RING,0.7925,PP3_Strong
BRCA1,93,F,S,p.Phe93Ser,RING,0.7921,PP3_Strong
BRCA1,1772,F,C,p.Phe1772Cys,BRCT2,0.7916,PP3_Strong
BRCA2,2659,R,I,p.Arg2659Ile,DBD_helical,0.7901,PP3_Strong
BRCA1,17,A,P,p.Ala17Pro,RING,0.7885,PP3_Strong
BRCA1,98,G,R,p.Gly98Arg,RING,0.7871,PP3_Strong
BRCA1,1840,D,A,p.Asp1840Ala,BRCT2,0.7853,PP3_Strong
BRCA1,59,S,L,p.Ser59Leu,RING,0.7851,PP3_Strong
BRCA1,1692,D,A,p.Asp1692Ala,BRCT1,0.7848,PP3_Strong
BRCA2,2788,W,S,p.Trp2788Ser,DBD_OB1,0.7847,PP3_Strong
BRCA1,83,V,F,p.Val83Phe,RING,0.7838,PP3_Strong
BRCA2,2925,Q,R,p.Gln2925Arg,DBD_OB2,0.7836,PP3_Strong
BRCA2,3140,A,D,p.Ala3140Asp,DBD_OB3,0.7827,PP3_Strong
BRCA2,2755,G,R,p.Gly2755Arg,DBD_OB1,0.7815,PP3_Strong
BRCA2,2748,G,V,p.Gly2748Val,DBD_OB1,0.7814,PP3_Strong
BRCA2,2793,G,V,p.Gly2793Val,DBD_OB1,0.7806,PP3_Strong
BRCA2,2755,G,V,p.Gly2755Val,DBD_OB1,0.7803,PP3_Strong
BRCA2,2754,H,P,p.His2754Pro,DBD_OB1,0.778,PP3_Strong
BRCA2,2788,W,L,p.Trp2788Leu,DBD_OB1,0.7776,PP3_Strong
BRCA2,2725,W,L,p.Trp2725Leu,DBD_OB1,0.7776,PP3_Strong
BRCA1,1670,R,G,p.Arg1670Gly,BRCT1,0.7773,PP3_Strong
BRCA2,2760,G,V,p.Gly2760Val,DBD_OB1,0.7766,PP3_Strong
BRCA1,1721,Q,P,p.Gln1721Pro,BRCT1,0.7759,PP3_Strong
BRCA1,1707,I,S,p.Ile1707Ser,BRCT1,0.7746,PP3_Strong
BRCA1,69,T,I,p.Thr69Ile,RING,0.7742,PP3_Strong
BRCA1,1667,K,E,p.Lys1667Glu,BRCT1,0.7732,PP3_Strong
BRCA1,2,D,G,p.Asp2Gly,RING,0.7731,PP3_Strong
BRCA2,2634,M,K,p.Met2634Lys,DBD_helical,0.7716,PP3_Strong
BRCA1,67,D,A,p.Asp67Ala,RING,0.7712,PP3_Strong
BRCA2,2619,W,R,p.Trp2619Arg,DBD_helical,0.7695,PP3_Strong
BRCA2,2520,R,P,p.Arg2520Pro,DBD_helical,0.7688,PP3_Strong
BRCA1,1705,L,R,p.Leu1705Arg,BRCT1,0.7682,PP3_Strong
BRCA2,3128,R,L,p.Arg3128Leu,DBD_OB3,0.7678,PP3_Strong
BRCA2,2494,R,L,p.Arg2494Leu,DBD_helical,0.7675,PP3_Strong
BRCA2,2629,W,R,p.Trp2629Arg,DBD_helical,0.7659,PP3_Strong
BRCA1,1855,I,K,p.Ile1855Lys,BRCT2,0.7656,PP3_Strong
BRCA2,3128,R,P,p.Arg3128Pro,DBD_OB3,0.7646,PP3_Strong
BRCA2,2520,R,L,p.Arg2520Leu,DBD_helical,0.7642,PP3_Strong
BRCA1,1680,I,S,p.Ile1680Ser,BRCT1,0.7631,PP3_Strong
BRCA2,2629,W,C,p.Trp2629Cys,DBD_helical,0.7623,PP3_Strong
BRCA2,2671,A,P,p.Ala2671Pro,DBD_OB1,0.7619,PP3_Strong
BRCA1,1707,I,T,p.Ile1707Thr,BRCT1,0.7618,PP3_Strong
BRCA1,1778,D,G,p.Asp1778Gly,BRCT2,0.7596,PP3_Strong
BRCA1,1668,F,C,p.Phe1668Cys,BRCT1,0.7588,PP3_Strong
BRCA1,1734,F,C,p.Phe1734Cys,BRCT1,0.7588,PP3_Strong
BRCA1,1689,M,V,p.Met1689Val,BRCT1,0.7576,PP3_Strong
BRCA1,1703,Y,H,p.Tyr1703His,BRCT1,0.7566,PP3_Strong
BRCA1,1840,D,Y,p.Asp1840Tyr,BRCT2,0.7538,PP3_Strong
BRCA2,2632,A,E,p.Ala2632Glu,DBD_helical,0.7532,PP3_Strong
BRCA2,2584,G,R,p.Gly2584Arg,DBD_helical,0.7507,PP3_Strong
BRCA2,2508,G,R,p.Gly2508Arg,DBD_helical,0.7507,PP3_Strong
BRCA2,2894,Q,R,p.Gln2894Arg,DBD_OB2,0.7504,PP3_Strong
BRCA2,2813,G,E,p.Gly2813Glu,DBD_OB2,0.7503,PP3_Strong
BRCA2,2578,G,R,p.Gly2578Arg,DBD_helical,0.7502,PP3_Strong
BRCA2,3122,A,E,p.Ala3122Glu,DBD_OB3,0.7502,PP3_Strong
BRCA2,2812,G,E,p.Gly2812Glu,DBD_OB2,0.7495,PP3_Strong
BRCA2,2784,R,L,p.Arg2784Leu,DBD_OB1,0.749,PP3_Strong
BRCA1,1653,V,M,p.Val1653Met,BRCT1,0.7471,PP3_Strong
BRCA2,2991,R,P,p.Arg2991Pro,linker,0.7469,PP3_Strong
BRCA2,2826,Y,N,p.Tyr2826Asn,DBD_OB2,0.7468,PP3_Strong
BRCA2,3140,A,P,p.Ala3140Pro,DBD_OB3,0.7462,PP3_Strong
BRCA2,2973,R,P,p.Arg2973Pro,linker,0.7437,PP3_Strong
BRCA2,2693,I,K,p.Ile2693Lys,DBD_OB1,0.7427,PP3_Strong
BRCA2,2862,L,P,p.Leu2862Pro,DBD_OB2,0.7426,PP3_Strong
BRCA1,1810,V,M,p.Val1810Met,BRCT2,0.7416,PP3_Strong
BRCA2,2725,W,R,p.Trp2725Arg,DBD_OB1,0.7414,PP3_Strong
BRCA1,1711,K,Q,p.Lys1711Gln,BRCT1,0.7404,PP3_Strong
BRCA1,1690,K,E,p.Lys1690Glu,BRCT1,0.7396,PP3_Strong
BRCA2,2830,W,S,p.Trp2830Ser,DBD_OB2,0.7391,PP3_Strong
BRCA1,1696,V,M,p.Val1696Met,BRCT1,0.7363,PP3_Strong
BRCA1,1719,V,M,p.Val1719Met,BRCT1,0.7363,PP3_Strong
BRCA2,2491,Q,R,p.Gln2491Arg,DBD_helical,0.7361,PP3_Strong
BRCA1,45,K,I,p.Lys45Ile,RING,0.7361,PP3_Strong
BRCA2,3003,G,E,p.Gly3003Glu,linker,0.7353,PP3_Strong
BRCA2,2826,Y,C,p.Tyr2826Cys,DBD_OB2,0.7346,PP3_Strong
BRCA1,1716,Y,C,p.Tyr1716Cys,BRCT1,0.7345,PP3_Strong
BRCA1,1704,F,Y,p.Phe1704Tyr,BRCT1,0.7345,PP3_Strong
BRCA1,1763,G,R,p.Gly1763Arg,BRCT2,0.7341,PP3_Strong
BRCA1,1670,R,S,p.Arg1670Ser,BRCT1,0.7339,PP3_Strong
BRCA1,1702,K,I,p.Lys1702Ile,BRCT1,0.7334,PP3_Strong
BRCA2,3029,A,E,p.Ala3029Glu,linker,0.733,PP3_Strong
BRCA2,2679,D,V,p.Asp2679Val,DBD_OB1,0.7321,PP3_Strong
BRCA2,2733,D,V,p.Asp2733Val,DBD_OB1,0.7321,PP3_Strong
BRCA2,2775,M,K,p.Met2775Lys,DBD_OB1,0.7313,PP3_Strong
BRCA2,2857,A,P,p.Ala2857Pro,DBD_OB2,0.7306,PP3_Strong
BRCA1,38,K,M,p.Lys38Met,RING,0.7298,PP3_Strong
BRCA1,1851,D,V,p.Asp1851Val,BRCT2,0.7292,PP3_Strong
BRCA2,2774,L,R,p.Leu2774Arg,DBD_OB1,0.729,PP3_Strong
BRCA2,2688,L,R,p.Leu2688Arg,DBD_OB1,0.729,PP3_Strong
BRCA1,1708,A,T,p.Ala1708Thr,BRCT1,0.7288,PP3_Strong
BRCA2,2788,W,C,p.Trp2788Cys,DBD_OB1,0.7283,PP3_Strong
BRCA2,3101,L,Q,p.Leu3101Gln,DBD_OB3,0.7263,PP3_Strong
BRCA1,1708,A,V,p.Ala1708Val,BRCT1,0.7244,PP3_Strong
BRCA2,2803,L,Q,p.Leu2803Gln,DBD_OB1,0.7235,PP3_Strong
BRCA2,2917,L,P,p.Leu2917Pro,DBD_OB2,0.723,PP3_Strong
BRCA2,2686,L,R,p.Leu2686Arg,DBD_OB1,0.7225,PP3_Strong
BRCA1,57,G,A,p.Gly57Ala,RING,0.7221,PP3_Strong
BRCA1,1842,V,A,p.Val1842Ala,BRCT2,0.7219,PP3_Strong
BRCA2,3074,L,R,p.Leu3074Arg,DBD_OB3,0.7216,PP3_Strong
BRCA1,62,P,L,p.Pro62Leu,RING,0.7202,PP3_Strong
BRCA2,2679,D,Y,p.Asp2679Tyr,DBD_OB1,0.7194,PP3_Strong
BRCA2,2675,I,R,p.Ile2675Arg,DBD_OB1,0.7191,PP3_Strong
BRCA1,1759,K,W,p.Lys1759Trp,BRCT2,0.719,PP3_Strong
BRCA2,2816,G,D,p.Gly2816Asp,DBD_OB2,0.7188,PP3_Strong
BRCA2,2665,D,V,p.Asp2665Val,DBD_helical,0.7183,PP3_Strong
BRCA2,2748,G,C,p.Gly2748Cys,DBD_OB1,0.7182,PP3_Strong
BRCA2,2852,A,P,p.Ala2852Pro,DBD_OB2,0.718,PP3_Strong
BRCA2,3011,L,R,p.Leu3011Arg,linker,0.7178,PP3_Strong
BRCA2,2583,D,V,p.Asp2583Val,DBD_helical,0.7164,PP3_Strong
BRCA2,3086,G,R,p.Gly3086Arg,DBD_OB3,0.7162,PP3_Strong
BRCA1,1708,A,G,p.Ala1708Gly,BRCT1,0.7155,PP3_Strong
BRCA1,30,L,S,p.Leu30Ser,RING,0.7144,PP3_Strong
BRCA1,1722,S,Y,p.Ser1722Tyr,BRCT1,0.7134,PP3_Strong
BRCA2,3106,W,S,p.Trp3106Ser,DBD_OB3,0.7131,PP3_Strong
BRCA2,2623,H,L,p.His2623Leu,DBD_helical,0.7115,PP3_Strong
BRCA2,3012,A,E,p.Ala3012Glu,linker,0.7106,PP3_Strong
BRCA2,2975,V,E,p.Val2975Glu,linker,0.7104,PP3_Strong
BRCA2,2623,H,D,p.His2623Asp,DBD_helical,0.7104,PP3_Strong
BRCA1,1771,P,R,p.Pro1771Arg,BRCT2,0.7102,PP3_Strong
BRCA1,75,E,V,p.Glu75Val,RING,0.7098,PP3_Strong
BRCA2,3095,D,V,p.Asp3095Val,DBD_OB3,0.7089,PP3_Strong
BRCA2,2859,Q,P,p.Gln2859Pro,DBD_OB2,0.7081,PP3_Strong
BRCA2,2831,M,R,p.Met2831Arg,DBD_OB2,0.708,PP3_Strong
BRCA2,2925,Q,P,p.Gln2925Pro,DBD_OB2,0.7073,PP3_Strong
BRCA1,5,A,P,p.Ala5Pro,RING,0.7067,PP3_Strong
BRCA2,3126,Q,P,p.Gln3126Pro,DBD_OB3,0.7065,PP3_Strong
BRCA2,2803,L,R,p.Leu2803Arg,DBD_OB1,0.7063,PP3_Strong
BRCA1,1651,S,P,p.Ser1651Pro,BRCT1,0.7062,PP3_Strong
BRCA1,67,D,V,p.Asp67Val,RING,0.7042,PP3_Strong
BRCA1,69,T,M,p.Thr69Met,RING,0.7035,PP3_Strong
BRCA2,2596,G,V,p.Gly2596Val,DBD_helical,0.7031,PP3_Strong
BRCA1,1656,G,D,p.Gly1656Asp,BRCT1,0.702,PP3_Strong
BRCA2,2584,G,C,p.Gly2584Cys,DBD_helical,0.7009,PP3_Strong
BRCA1,1737,R,I,p.Arg1737Ile,linker,0.7003,PP3_Strong
BRCA2,2661,D,V,p.Asp2661Val,DBD_helical,0.6979,PP3_Strong
BRCA1,1835,R,P,p.Arg1835Pro,BRCT2,0.6978,PP3_Strong
BRCA2,3134,G,V,p.Gly3134Val,DBD_OB3,0.6972,PP3_Strong
BRCA2,3166,V,D,p.Val3166Asp,DBD_OB3,0.6964,PP3_Strong
BRCA1,79,F,C,p.Phe79Cys,RING,0.6961,PP3_Strong
BRCA1,1684,T,P,p.Thr1684Pro,BRCT1,0.6957,PP3_Strong
BRCA1,1700,T,P,p.Thr1700Pro,BRCT1,0.6957,PP3_Strong
BRCA1,1681,T,P,p.Thr1681Pro,BRCT1,0.6957,PP3_Strong
BRCA2,2503,V,D,p.Val2503Asp,DBD_helical,0.6949,PP3_Strong
BRCA2,2578,G,V,p.Gly2578Val,DBD_helical,0.6943,PP3_Strong
BRCA2,2823,Q,R,p.Gln2823Arg,DBD_OB2,0.6938,PP3_Strong
BRCA1,108,A,P,p.Ala108Pro,RING,0.6934,PP3_Strong
BRCA1,65,K,E,p.Lys65Glu,RING,0.6923,PP3_Strong
BRCA1,1716,Y,S,p.Tyr1716Ser,BRCT1,0.6912,PP3_Strong
BRCA1,1814,A,D,p.Ala1814Asp,BRCT2,0.6912,PP3_Strong
BRCA2,3176,A,E,p.Ala3176Glu,DBD_OB3,0.6911,PP3_Strong
BRCA1,1414,L,P,p.Leu1414Pro,coiled_coil_PALB2,0.6905,PP3_Strong
BRCA1,33,E,A,p.Glu33Ala,RING,0.6898,PP3_Strong
BRCA2,2820,V,E,p.Val2820Glu,DBD_OB2,0.6888,PP3_Strong
BRCA1,1769,Y,C,p.Tyr1769Cys,BRCT2,0.688,PP3_Strong
BRCA2,2341,R,L,p.Arg2341Leu,linker,0.6869,PP3_Strong
BRCA1,26,I,F,p.Ile26Phe,RING,0.6866,PP3_Strong
BRCA2,2859,Q,R,p.Gln2859Arg,DBD_OB2,0.6864,PP3_Strong
BRCA1,37,T,P,p.Thr37Pro,RING,0.686,PP3_Strong
BRCA2,2539,Q,R,p.Gln2539Arg,DBD_helical,0.6853,PP3_Strong
BRCA2,2858,Q,P,p.Gln2858Pro,DBD_OB2,0.6852,PP3_Strong
BRCA1,1412,A,P,p.Ala1412Pro,coiled_coil_PALB2,0.6852,PP3_Strong
BRCA2,174,R,L,p.Arg174Leu,linker,0.6848,PP3_Strong
BRCA2,118,R,L,p.Arg118Leu,linker,0.6848,PP3_Strong
BRCA2,2108,R,L,p.Arg2108Leu,linker,0.6848,PP3_Strong
BRCA2,448,R,L,p.Arg448Leu,linker,0.6848,PP3_Strong
BRCA2,2488,R,S,p.Arg2488Ser,DBD_helical,0.6843,PP3_Strong
BRCA1,38,K,E,p.Lys38Glu,RING,0.6818,PP3_Strong
BRCA1,1813,D,Y,p.Asp1813Tyr,BRCT2,0.6799,PP3_Strong
BRCA2,3038,L,R,p.Leu3038Arg,linker,0.6799,PP3_Strong
BRCA1,1748,G,V,p.Gly1748Val,linker,0.6795,PP3_Strong
BRCA1,1714,V,A,p.Val1714Ala,BRCT1,0.6789,PP3_Strong
BRCA1,1688,V,A,p.Val1688Ala,BRCT1,0.6781,PP3_Strong
BRCA2,2669,R,G,p.Arg2669Gly,linker,0.6777,PP3_Strong
BRCA2,2665,D,Y,p.Asp2665Tyr,DBD_helical,0.677,PP3_Strong
BRCA2,3142,D,V,p.Asp3142Val,DBD_OB3,0.6767,PP3_Strong
BRCA1,1841,S,G,p.Ser1841Gly,BRCT2,0.6754,PP3_Strong
BRCA2,2830,W,R,p.Trp2830Arg,DBD_OB2,0.6752,PP3_Strong
