gene,hgvs_p,model_request_id,paired_status,coordinate_review_status,reference_min_inter_residue_distance_angstrom,reference_clash_count,mutant_min_inter_residue_distance_angstrom,mutant_clash_count,geometry_qc_status,xtb_optimization_status,xtb_optimized_energy_hartree,xtb_optimized_xyz_path,publication_grade_status
BRCA1,p.Leu100Asp,BRCA1_pLeu100Asp,paired_xtb_completed,draft_needs_rotamer_protonation_and_domain_review,1.3306404473034765,0,1.3306404473034765,0,geometry_pass,completed,-136.77740910781,C:\Users\Wesley Capucho\Documents\IA dos números primos\primevarclass_brca1_mutant_geometry_qc_results\xtb_optimized_mutants\BRCA1_pLeu100Asp\xtbopt.xyz,not_publication_grade_needs_expert_review
BRCA1,p.Leu4Gln,BRCA1_pLeu4Gln,paired_xtb_completed,draft_needs_rotamer_protonation_and_domain_review,1.3307249903717906,0,1.3307249903717906,0,geometry_pass,completed,-136.044389612696,C:\Users\Wesley Capucho\Documents\IA dos números primos\primevarclass_brca1_mutant_geometry_qc_results\xtb_optimized_mutants\BRCA1_pLeu4Gln\xtbopt.xyz,not_publication_grade_needs_expert_review
BRCA1,p.Leu4Asp,BRCA1_pLeu4Asp,paired_xtb_completed,draft_needs_rotamer_protonation_and_domain_review,1.3307249903717906,0,1.3307249903717906,0,geometry_pass,not_attempted,,,not_publication_grade_needs_expert_review
BRCA1,p.Leu82Glu,BRCA1_pLeu82Glu,coordinates_prepared,draft_needs_rotamer_protonation_and_domain_review,1.3331605304688554,0,1.3331605304688554,0,geometry_pass,not_attempted,,,not_publication_grade_needs_expert_review
BRCA1,p.Leu22Glu,BRCA1_pLeu22Glu,coordinates_prepared,draft_needs_rotamer_protonation_and_domain_review,1.3322481000174091,0,1.3322481000174091,0,geometry_pass,not_attempted,,,not_publication_grade_needs_expert_review
BRCA1,p.Leu82Lys,BRCA1_pLeu82Lys,coordinates_prepared,draft_needs_rotamer_protonation_and_domain_review,1.3331605304688554,0,1.3331605304688554,0,geometry_pass,not_attempted,,,not_publication_grade_needs_expert_review
BRCA1,p.Val11Asp,BRCA1_pVal11Asp,coordinates_prepared,draft_needs_rotamer_protonation_and_domain_review,1.3307249903717906,0,1.3307249903717906,0,geometry_pass,not_attempted,,,not_publication_grade_needs_expert_review
BRCA1,p.Val41Asp,BRCA1_pVal41Asp,coordinates_prepared,draft_needs_rotamer_protonation_and_domain_review,1.3250973549139717,0,1.3250973549139717,0,geometry_pass,not_attempted,,,not_publication_grade_needs_expert_review
BRCA1,p.Leu30His,BRCA1_pLeu30His,coordinates_prepared,draft_needs_rotamer_protonation_and_domain_review,1.3343661416567796,0,1.3343661416567796,0,geometry_pass,not_attempted,,,not_publication_grade_needs_expert_review
