experiment,threshold,tp,fp,fn,tn,error_count,error_rate,mean_score
external_predictors_only__logistic_regression,0.5,4,15,17,132,32,0.1905,0.5012
gene_balanced_specialist,0.5,6,37,15,110,52,0.3095,0.3124
prime_only__logistic_regression,0.5,7,47,14,100,61,0.3631,0.4277
biochemical_only__logistic_regression,0.5,11,58,10,89,68,0.4048,0.4685
hybrid_plus_external__logistic_regression,0.5,9,62,12,85,74,0.4405,0.46
consensus_top3,0.5,10,64,11,83,75,0.4464,0.4639
hybrid__logistic_regression,0.5,10,66,11,81,77,0.4583,0.4659
hybrid_plus_conservation__logistic_regression,0.5,10,66,11,81,77,0.4583,0.4659
hybrid_plus_conservation_structure__logistic_regression,0.5,10,66,11,81,77,0.4583,0.4658
