variant,gene,label,score,error_type,experiment
BRCA1 p.A1453G,BRCA1,0,0.5905182840397027,false_positive,prime_only__logistic_regression
BRCA1 p.A1481G,BRCA1,0,0.5905182840397027,false_positive,prime_only__logistic_regression
BRCA1 p.A1617V,BRCA1,0,0.6130560473303474,false_positive,prime_only__logistic_regression
BRCA1 p.A280G,BRCA1,0,0.5905182840397027,false_positive,prime_only__logistic_regression
BRCA1 p.A794V,BRCA1,0,0.6130560473303474,false_positive,prime_only__logistic_regression
BRCA1 p.A883V,BRCA1,0,0.6130560473303474,false_positive,prime_only__logistic_regression
BRCA1 p.R1028P,BRCA1,0,0.7080973218839485,false_positive,prime_only__logistic_regression
BRCA1 p.R1074K,BRCA1,0,0.8025408976064313,false_positive,prime_only__logistic_regression
BRCA1 p.R1243K,BRCA1,0,0.8025408976064313,false_positive,prime_only__logistic_regression
BRCA1 p.R1520S,BRCA1,0,0.5842122485174747,false_positive,prime_only__logistic_regression
BRCA1 p.R213M,BRCA1,0,0.7651689589758103,false_positive,prime_only__logistic_regression
BRCA1 p.R466W,BRCA1,0,0.7651689589758103,false_positive,prime_only__logistic_regression
BRCA1 p.R610K,BRCA1,0,0.8025408976064313,false_positive,prime_only__logistic_regression
BRCA1 p.R613G,BRCA1,0,0.7050303781541508,false_positive,prime_only__logistic_regression
BRCA1 p.D1582G,BRCA1,0,0.5142487142487229,false_positive,prime_only__logistic_regression
BRCA1 p.D936G,BRCA1,0,0.5142487142487229,false_positive,prime_only__logistic_regression
BRCA1 p.C1501Y,BRCA1,0,0.871526506280053,false_positive,prime_only__logistic_regression
BRCA1 p.C1828G,BRCA1,0,0.962568134926965,false_positive,prime_only__logistic_regression
BRCA1 p.C636F,BRCA1,0,0.871526506280053,false_positive,prime_only__logistic_regression
BRCA1 p.C644F,BRCA1,0,0.871526506280053,false_positive,prime_only__logistic_regression
BRCA1 p.C818F,BRCA1,0,0.871526506280053,false_positive,prime_only__logistic_regression
BRCA1 p.C994Y,BRCA1,0,0.871526506280053,false_positive,prime_only__logistic_regression
BRCA1 p.Q284R,BRCA1,0,0.5607698997390664,false_positive,prime_only__logistic_regression
BRCA1 p.E1288A,BRCA1,0,0.5142487142487229,false_positive,prime_only__logistic_regression
BRCA1 p.E438V,BRCA1,0,0.6814129060001874,false_positive,prime_only__logistic_regression
BRCA1 p.G1138E,BRCA1,0,0.7381592371809187,false_positive,prime_only__logistic_regression
BRCA1 p.G394D,BRCA1,0,0.7381592371809187,false_positive,prime_only__logistic_regression
BRCA1 p.G559A,BRCA1,0,0.5905182840397027,false_positive,prime_only__logistic_regression
BRCA1 p.G774A,BRCA1,0,0.5905182840397027,false_positive,prime_only__logistic_regression
BRCA1 p.G964E,BRCA1,0,0.7381592371809187,false_positive,prime_only__logistic_regression
BRCA1 p.H1402Y,BRCA1,0,0.656263130966377,false_positive,prime_only__logistic_regression
BRCA1 p.H553P,BRCA1,0,0.7481419795750471,false_positive,prime_only__logistic_regression
BRCA1 p.H692R,BRCA1,0,0.7628119720050078,false_positive,prime_only__logistic_regression
BRCA1 p.H971P,BRCA1,0,0.7481419795750471,false_positive,prime_only__logistic_regression
BRCA1 p.L1080S,BRCA1,0,0.5581727786502596,false_positive,prime_only__logistic_regression
BRCA1 p.L440S,BRCA1,0,0.5581727786502596,false_positive,prime_only__logistic_regression
BRCA1 p.M1783K,BRCA1,0,0.5370898297181043,false_positive,prime_only__logistic_regression
BRCA1 p.M297I,BRCA1,0,0.5921087176125359,false_positive,prime_only__logistic_regression
BRCA1 p.M751I,BRCA1,0,0.5921087176125359,false_positive,prime_only__logistic_regression
BRCA1 p.F1477C,BRCA1,0,0.5679512958862492,false_positive,prime_only__logistic_regression
BRCA1 p.V1023M,BRCA1,0,0.8698780083848094,false_positive,prime_only__logistic_regression
BRCA1 p.V1116L,BRCA1,0,0.5595195912387773,false_positive,prime_only__logistic_regression
BRCA1 p.V1117I,BRCA1,0,0.6373407084505063,false_positive,prime_only__logistic_regression
BRCA1 p.V1333A,BRCA1,0,0.6835358065763574,false_positive,prime_only__logistic_regression
BRCA1 p.V1493A,BRCA1,0,0.6835358065763574,false_positive,prime_only__logistic_regression
BRCA1 p.V1632M,BRCA1,0,0.8698780083848094,false_positive,prime_only__logistic_regression
BRCA1 p.V1688I,BRCA1,0,0.6373407084505063,false_positive,prime_only__logistic_regression
BRCA1 p.Q687H,BRCA1,1,0.2503332377569111,false_negative,prime_only__logistic_regression
BRCA1 p.E1410K,BRCA1,1,0.4651674786981955,false_negative,prime_only__logistic_regression
BRCA1 p.E1694K,BRCA1,1,0.4651674786981955,false_negative,prime_only__logistic_regression
BRCA1 p.I1318L,BRCA1,1,0.1116543559106254,false_negative,prime_only__logistic_regression
BRCA1 p.L347P,BRCA1,1,0.4899692312632547,false_negative,prime_only__logistic_regression
BRCA1 p.K1183N,BRCA1,1,0.2965889087416623,false_negative,prime_only__logistic_regression
BRCA1 p.K168E,BRCA1,1,0.4651674786981955,false_negative,prime_only__logistic_regression
BRCA1 p.F1734V,BRCA1,1,0.400676384952967,false_negative,prime_only__logistic_regression
BRCA1 p.P34S,BRCA1,1,0.3147480626886086,false_negative,prime_only__logistic_regression
BRCA1 p.S1598Y,BRCA1,1,0.1989875138989322,false_negative,prime_only__logistic_regression
BRCA1 p.S1715R,BRCA1,1,0.1940670742283381,false_negative,prime_only__logistic_regression
BRCA1 p.S1755P,BRCA1,1,0.2787656658182065,false_negative,prime_only__logistic_regression
BRCA1 p.S265F,BRCA1,1,0.1989875138989322,false_negative,prime_only__logistic_regression
BRCA1 p.Y1703H,BRCA1,1,0.2169192605103133,false_negative,prime_only__logistic_regression
BRCA1 p.R1028P,BRCA1,0,0.9523276342816716,false_positive,biochemical_only__logistic_regression
BRCA1 p.R1074K,BRCA1,0,0.7971549233706638,false_positive,biochemical_only__logistic_regression
BRCA1 p.R1243K,BRCA1,0,0.8053612571698381,false_positive,biochemical_only__logistic_regression
BRCA1 p.R1520S,BRCA1,0,0.6944119777811975,false_positive,biochemical_only__logistic_regression
BRCA1 p.R170Q,BRCA1,0,0.7827391153847284,false_positive,biochemical_only__logistic_regression
BRCA1 p.R213M,BRCA1,0,0.8716994234641187,false_positive,biochemical_only__logistic_regression
BRCA1 p.R466W,BRCA1,0,0.8606235236831545,false_positive,biochemical_only__logistic_regression
BRCA1 p.R610K,BRCA1,0,0.7733110427303759,false_positive,biochemical_only__logistic_regression
BRCA1 p.R613G,BRCA1,0,0.8101757329472227,false_positive,biochemical_only__logistic_regression
BRCA1 p.D1381E,BRCA1,0,0.6236214607839957,false_positive,biochemical_only__logistic_regression
BRCA1 p.D1475N,BRCA1,0,0.5489437398026145,false_positive,biochemical_only__logistic_regression
BRCA1 p.D1582N,BRCA1,0,0.557009802476351,false_positive,biochemical_only__logistic_regression
BRCA1 p.D1582G,BRCA1,0,0.6723134726273445,false_positive,biochemical_only__logistic_regression
BRCA1 p.D400E,BRCA1,0,0.5512634723612556,false_positive,biochemical_only__logistic_regression
BRCA1 p.D936G,BRCA1,0,0.6275357348222839,false_positive,biochemical_only__logistic_regression
BRCA1 p.C1501Y,BRCA1,0,0.965917789978251,false_positive,biochemical_only__logistic_regression
BRCA1 p.C1828G,BRCA1,0,0.9366205498265364,false_positive,biochemical_only__logistic_regression
BRCA1 p.C636F,BRCA1,0,0.7775012727392069,false_positive,biochemical_only__logistic_regression
BRCA1 p.C644F,BRCA1,0,0.7779230423408269,false_positive,biochemical_only__logistic_regression
BRCA1 p.C818F,BRCA1,0,0.7869549957188199,false_positive,biochemical_only__logistic_regression
BRCA1 p.C994Y,BRCA1,0,0.9604442793605866,false_positive,biochemical_only__logistic_regression
BRCA1 p.Q1846K,BRCA1,0,0.7438949593672907,false_positive,biochemical_only__logistic_regression
BRCA1 p.Q284R,BRCA1,0,0.5160109130308038,false_positive,biochemical_only__logistic_regression
BRCA1 p.Q667P,BRCA1,0,0.7926252067824262,false_positive,biochemical_only__logistic_regression
BRCA1 p.E1017K,BRCA1,0,0.5390839162207983,false_positive,biochemical_only__logistic_regression
BRCA1 p.E1107K,BRCA1,0,0.5458959795246353,false_positive,biochemical_only__logistic_regression
BRCA1 p.E1462K,BRCA1,0,0.5725750069107491,false_positive,biochemical_only__logistic_regression
BRCA1 p.E1635K,BRCA1,0,0.5854346562384123,false_positive,biochemical_only__logistic_regression
BRCA1 p.E1682K,BRCA1,0,0.5889090669033469,false_positive,biochemical_only__logistic_regression
BRCA1 p.E1765K,BRCA1,0,0.5950229287029103,false_positive,biochemical_only__logistic_regression
BRCA1 p.E572K,BRCA1,0,0.5052362032674862,false_positive,biochemical_only__logistic_regression
BRCA1 p.E699K,BRCA1,0,0.5149146251918993,false_positive,biochemical_only__logistic_regression
BRCA1 p.G1138E,BRCA1,0,0.79238290194119,false_positive,biochemical_only__logistic_regression
BRCA1 p.G394D,BRCA1,0,0.8343024526996491,false_positive,biochemical_only__logistic_regression
BRCA1 p.G964E,BRCA1,0,0.7835177607133919,false_positive,biochemical_only__logistic_regression
BRCA1 p.H1402Y,BRCA1,0,0.6341463146660908,false_positive,biochemical_only__logistic_regression
BRCA1 p.H553P,BRCA1,0,0.9128136008475258,false_positive,biochemical_only__logistic_regression
BRCA1 p.H692R,BRCA1,0,0.6171499433444012,false_positive,biochemical_only__logistic_regression
BRCA1 p.H971P,BRCA1,0,0.9224391738829724,false_positive,biochemical_only__logistic_regression
BRCA1 p.L1285R,BRCA1,0,0.7690939372949791,false_positive,biochemical_only__logistic_regression
BRCA1 p.L152P,BRCA1,0,0.8597386476595955,false_positive,biochemical_only__logistic_regression
BRCA1 p.L1844R,BRCA1,0,0.7979737223191768,false_positive,biochemical_only__logistic_regression
BRCA1 p.L1844P,BRCA1,0,0.9112604182716972,false_positive,biochemical_only__logistic_regression
BRCA1 p.M1783K,BRCA1,0,0.9854992501654052,false_positive,biochemical_only__logistic_regression
BRCA1 p.M297I,BRCA1,0,0.5594998514443021,false_positive,biochemical_only__logistic_regression
BRCA1 p.M751I,BRCA1,0,0.593290947158541,false_positive,biochemical_only__logistic_regression
BRCA1 p.F1571S,BRCA1,0,0.5578210182101394,false_positive,biochemical_only__logistic_regression
BRCA1 p.P1859R,BRCA1,0,0.5341551302845301,false_positive,biochemical_only__logistic_regression
BRCA1 p.S1524F,BRCA1,0,0.5000075563292763,false_positive,biochemical_only__logistic_regression
BRCA1 p.S449P,BRCA1,0,0.5837695684820189,false_positive,biochemical_only__logistic_regression
BRCA1 p.S616P,BRCA1,0,0.5960892700513654,false_positive,biochemical_only__logistic_regression
BRCA1 p.T1349M,BRCA1,0,0.7044905541001378,false_positive,biochemical_only__logistic_regression
BRCA1 p.T1802R,BRCA1,0,0.6982378078644462,false_positive,biochemical_only__logistic_regression
BRCA1 p.T760I,BRCA1,0,0.5098316795071424,false_positive,biochemical_only__logistic_regression
BRCA1 p.V1023M,BRCA1,0,0.7029104661933825,false_positive,biochemical_only__logistic_regression
BRCA1 p.V1333A,BRCA1,0,0.5973535855604226,false_positive,biochemical_only__logistic_regression
BRCA1 p.V1493A,BRCA1,0,0.6090319543606614,false_positive,biochemical_only__logistic_regression
BRCA1 p.V1632M,BRCA1,0,0.7401830151518173,false_positive,biochemical_only__logistic_regression
BRCA1 p.Q687H,BRCA1,1,0.3290493476926454,false_negative,biochemical_only__logistic_regression
BRCA1 p.E730G,BRCA1,1,0.3213548753157478,false_negative,biochemical_only__logistic_regression
BRCA1 p.I1318L,BRCA1,1,0.0983149478509175,false_negative,biochemical_only__logistic_regression
BRCA1 p.K1183N,BRCA1,1,0.3331086208378759,false_negative,biochemical_only__logistic_regression
BRCA1 p.K168E,BRCA1,1,0.3321840306000324,false_negative,biochemical_only__logistic_regression
BRCA1 p.P34S,BRCA1,1,0.1306856779364561,false_negative,biochemical_only__logistic_regression
BRCA1 p.S1598Y,BRCA1,1,0.4042282543093521,false_negative,biochemical_only__logistic_regression
BRCA1 p.S1715R,BRCA1,1,0.4689804309187077,false_negative,biochemical_only__logistic_regression
BRCA1 p.S265F,BRCA1,1,0.405181449491583,false_negative,biochemical_only__logistic_regression
BRCA1 p.V1838L,BRCA1,1,0.4432092941082131,false_negative,biochemical_only__logistic_regression
BRCA1 p.A1453G,BRCA1,0,0.601453374856869,false_positive,hybrid__logistic_regression
BRCA1 p.A1481G,BRCA1,0,0.6037294291611272,false_positive,hybrid__logistic_regression
BRCA1 p.A1617V,BRCA1,0,0.5775226178438763,false_positive,hybrid__logistic_regression
BRCA1 p.A280G,BRCA1,0,0.5033397742099047,false_positive,hybrid__logistic_regression
BRCA1 p.A794V,BRCA1,0,0.5083120079098424,false_positive,hybrid__logistic_regression
BRCA1 p.A883V,BRCA1,0,0.5158600312705353,false_positive,hybrid__logistic_regression
BRCA1 p.R1028P,BRCA1,0,0.9662524101627096,false_positive,hybrid__logistic_regression
BRCA1 p.R1074K,BRCA1,0,0.8431701666776013,false_positive,hybrid__logistic_regression
BRCA1 p.R1243K,BRCA1,0,0.8506074208517416,false_positive,hybrid__logistic_regression
BRCA1 p.R1520S,BRCA1,0,0.7397397545617526,false_positive,hybrid__logistic_regression
BRCA1 p.R213M,BRCA1,0,0.8869226702486334,false_positive,hybrid__logistic_regression
BRCA1 p.R466W,BRCA1,0,0.9412147807830556,false_positive,hybrid__logistic_regression
BRCA1 p.R610K,BRCA1,0,0.8212011197323253,false_positive,hybrid__logistic_regression
BRCA1 p.R613G,BRCA1,0,0.6422890290916252,false_positive,hybrid__logistic_regression
BRCA1 p.D1381E,BRCA1,0,0.6635171239057364,false_positive,hybrid__logistic_regression
BRCA1 p.D1475N,BRCA1,0,0.587554045067488,false_positive,hybrid__logistic_regression
BRCA1 p.D1582N,BRCA1,0,0.5963268307454093,false_positive,hybrid__logistic_regression
BRCA1 p.D1582G,BRCA1,0,0.6855913629742872,false_positive,hybrid__logistic_regression
BRCA1 p.D400E,BRCA1,0,0.5856508940414814,false_positive,hybrid__logistic_regression
BRCA1 p.D936G,BRCA1,0,0.6365239960243065,false_positive,hybrid__logistic_regression
BRCA1 p.C1501Y,BRCA1,0,0.978014184880048,false_positive,hybrid__logistic_regression
BRCA1 p.C1828G,BRCA1,0,0.9773630394631356,false_positive,hybrid__logistic_regression
BRCA1 p.C636F,BRCA1,0,0.816218627307185,false_positive,hybrid__logistic_regression
BRCA1 p.C644F,BRCA1,0,0.8166256234212215,false_positive,hybrid__logistic_regression
BRCA1 p.C818F,BRCA1,0,0.8253053422658777,false_positive,hybrid__logistic_regression
BRCA1 p.C994Y,BRCA1,0,0.9739927801280276,false_positive,hybrid__logistic_regression
BRCA1 p.Q284R,BRCA1,0,0.6240173422191673,false_positive,hybrid__logistic_regression
BRCA1 p.Q667P,BRCA1,0,0.7797179639501927,false_positive,hybrid__logistic_regression
BRCA1 p.E1017K,BRCA1,0,0.540917400707696,false_positive,hybrid__logistic_regression
BRCA1 p.E1107K,BRCA1,0,0.5484936340793212,false_positive,hybrid__logistic_regression
BRCA1 p.E1462K,BRCA1,0,0.5781267055693353,false_positive,hybrid__logistic_regression
BRCA1 p.E1635K,BRCA1,0,0.5923796420790189,false_positive,hybrid__logistic_regression
BRCA1 p.E1682K,BRCA1,0,0.5962261831776349,false_positive,hybrid__logistic_regression
BRCA1 p.E1765K,BRCA1,0,0.6029899427611868,false_positive,hybrid__logistic_regression
BRCA1 p.E572K,BRCA1,0,0.5032461642378949,false_positive,hybrid__logistic_regression
BRCA1 p.E699K,BRCA1,0,0.5140198109811331,false_positive,hybrid__logistic_regression
BRCA1 p.G1138E,BRCA1,0,0.8093269280569864,false_positive,hybrid__logistic_regression
BRCA1 p.G394D,BRCA1,0,0.8155889929421174,false_positive,hybrid__logistic_regression
BRCA1 p.G559A,BRCA1,0,0.6244852029616789,false_positive,hybrid__logistic_regression
BRCA1 p.G774A,BRCA1,0,0.6414377244636086,false_positive,hybrid__logistic_regression
BRCA1 p.G964E,BRCA1,0,0.8000456631272561,false_positive,hybrid__logistic_regression
BRCA1 p.H1402Y,BRCA1,0,0.664839833898258,false_positive,hybrid__logistic_regression
BRCA1 p.H553P,BRCA1,0,0.9184660428779624,false_positive,hybrid__logistic_regression
BRCA1 p.H692R,BRCA1,0,0.6259580334204474,false_positive,hybrid__logistic_regression
BRCA1 p.H971P,BRCA1,0,0.9284800206192138,false_positive,hybrid__logistic_regression
BRCA1 p.L1285R,BRCA1,0,0.8008033432861957,false_positive,hybrid__logistic_regression
BRCA1 p.L152P,BRCA1,0,0.8752390558397359,false_positive,hybrid__logistic_regression
BRCA1 p.L1844R,BRCA1,0,0.8293561168468856,false_positive,hybrid__logistic_regression
BRCA1 p.L1844P,BRCA1,0,0.9256995778392356,false_positive,hybrid__logistic_regression
BRCA1 p.K1648Q,BRCA1,0,0.5624604371841068,false_positive,hybrid__logistic_regression
BRCA1 p.M1783K,BRCA1,0,0.9907341875300923,false_positive,hybrid__logistic_regression
BRCA1 p.M297I,BRCA1,0,0.5352404376094758,false_positive,hybrid__logistic_regression
BRCA1 p.M751I,BRCA1,0,0.5732937587897295,false_positive,hybrid__logistic_regression
BRCA1 p.F1571S,BRCA1,0,0.5426460572455263,false_positive,hybrid__logistic_regression
BRCA1 p.P1859R,BRCA1,0,0.5356414625831561,false_positive,hybrid__logistic_regression
BRCA1 p.S1524F,BRCA1,0,0.5005413319287835,false_positive,hybrid__logistic_regression
BRCA1 p.S449P,BRCA1,0,0.5719511406973227,false_positive,hybrid__logistic_regression
BRCA1 p.S616P,BRCA1,0,0.5857693102565246,false_positive,hybrid__logistic_regression
BRCA1 p.T1349M,BRCA1,0,0.8465502191088913,false_positive,hybrid__logistic_regression
BRCA1 p.T1802R,BRCA1,0,0.6995636707912011,false_positive,hybrid__logistic_regression
BRCA1 p.T760I,BRCA1,0,0.5599322776496787,false_positive,hybrid__logistic_regression
BRCA1 p.V1023M,BRCA1,0,0.7886405739456771,false_positive,hybrid__logistic_regression
BRCA1 p.V1116L,BRCA1,0,0.5490260988685297,false_positive,hybrid__logistic_regression
BRCA1 p.V1333A,BRCA1,0,0.5537506098250092,false_positive,hybrid__logistic_regression
BRCA1 p.V1493A,BRCA1,0,0.5671290281900748,false_positive,hybrid__logistic_regression
BRCA1 p.V1632M,BRCA1,0,0.8210489757295719,false_positive,hybrid__logistic_regression
BRCA1 p.R252C,BRCA1,1,0.3436654286380922,false_negative,hybrid__logistic_regression
BRCA1 p.Q687H,BRCA1,1,0.3749305637393043,false_negative,hybrid__logistic_regression
BRCA1 p.E730G,BRCA1,1,0.31413625754896,false_negative,hybrid__logistic_regression
BRCA1 p.I1318L,BRCA1,1,0.0316622297829556,false_negative,hybrid__logistic_regression
BRCA1 p.K1183N,BRCA1,1,0.3375115626377949,false_negative,hybrid__logistic_regression
BRCA1 p.K168E,BRCA1,1,0.3076128881559769,false_negative,hybrid__logistic_regression
BRCA1 p.P34S,BRCA1,1,0.1158015121076261,false_negative,hybrid__logistic_regression
BRCA1 p.S1598Y,BRCA1,1,0.4078045859834447,false_negative,hybrid__logistic_regression
BRCA1 p.S1715R,BRCA1,1,0.4498628572788559,false_negative,hybrid__logistic_regression
BRCA1 p.S265F,BRCA1,1,0.3952750451461702,false_negative,hybrid__logistic_regression
BRCA1 p.Y1703H,BRCA1,1,0.4792280681503996,false_negative,hybrid__logistic_regression
BRCA1 p.A1453G,BRCA1,0,0.6014658239003078,false_positive,hybrid_plus_conservation__logistic_regression
BRCA1 p.A1481G,BRCA1,0,0.6037417238653513,false_positive,hybrid_plus_conservation__logistic_regression
BRCA1 p.A1617V,BRCA1,0,0.5774976346717461,false_positive,hybrid_plus_conservation__logistic_regression
BRCA1 p.A280G,BRCA1,0,0.5033584517800742,false_positive,hybrid_plus_conservation__logistic_regression
BRCA1 p.A794V,BRCA1,0,0.5082904110787051,false_positive,hybrid_plus_conservation__logistic_regression
BRCA1 p.A883V,BRCA1,0,0.5158380185424472,false_positive,hybrid_plus_conservation__logistic_regression
BRCA1 p.R1028P,BRCA1,0,0.966251412722956,false_positive,hybrid_plus_conservation__logistic_regression
BRCA1 p.R1074K,BRCA1,0,0.8431693084426055,false_positive,hybrid_plus_conservation__logistic_regression
BRCA1 p.R1243K,BRCA1,0,0.8506061790593404,false_positive,hybrid_plus_conservation__logistic_regression
BRCA1 p.R1520S,BRCA1,0,0.7397373176479487,false_positive,hybrid_plus_conservation__logistic_regression
BRCA1 p.R213M,BRCA1,0,0.8869206598562323,false_positive,hybrid_plus_conservation__logistic_regression
BRCA1 p.R466W,BRCA1,0,0.9412092730779325,false_positive,hybrid_plus_conservation__logistic_regression
BRCA1 p.R610K,BRCA1,0,0.8212014897968658,false_positive,hybrid_plus_conservation__logistic_regression
BRCA1 p.R613G,BRCA1,0,0.642296450495697,false_positive,hybrid_plus_conservation__logistic_regression
BRCA1 p.D1381E,BRCA1,0,0.6635090377385781,false_positive,hybrid_plus_conservation__logistic_regression
BRCA1 p.D1475N,BRCA1,0,0.58754385718087,false_positive,hybrid_plus_conservation__logistic_regression
BRCA1 p.D1582N,BRCA1,0,0.5963162104793228,false_positive,hybrid_plus_conservation__logistic_regression
BRCA1 p.D1582G,BRCA1,0,0.6855803474714323,false_positive,hybrid_plus_conservation__logistic_regression
BRCA1 p.D400E,BRCA1,0,0.5856467280805238,false_positive,hybrid_plus_conservation__logistic_regression
BRCA1 p.D936G,BRCA1,0,0.6365150753037827,false_positive,hybrid_plus_conservation__logistic_regression
BRCA1 p.C1501Y,BRCA1,0,0.9780141514071,false_positive,hybrid_plus_conservation__logistic_regression
BRCA1 p.C1828G,BRCA1,0,0.977362525071466,false_positive,hybrid_plus_conservation__logistic_regression
BRCA1 p.C636F,BRCA1,0,0.8162164731399472,false_positive,hybrid_plus_conservation__logistic_regression
BRCA1 p.C644F,BRCA1,0,0.8166234496883426,false_positive,hybrid_plus_conservation__logistic_regression
BRCA1 p.C818F,BRCA1,0,0.8253027622377813,false_positive,hybrid_plus_conservation__logistic_regression
BRCA1 p.C994Y,BRCA1,0,0.9739929900932004,false_positive,hybrid_plus_conservation__logistic_regression
BRCA1 p.Q284R,BRCA1,0,0.6240258992297458,false_positive,hybrid_plus_conservation__logistic_regression
BRCA1 p.Q667P,BRCA1,0,0.7797142540813797,false_positive,hybrid_plus_conservation__logistic_regression
BRCA1 p.E1017K,BRCA1,0,0.5409122434318263,false_positive,hybrid_plus_conservation__logistic_regression
BRCA1 p.E1107K,BRCA1,0,0.5484880580430386,false_positive,hybrid_plus_conservation__logistic_regression
BRCA1 p.E1462K,BRCA1,0,0.578119532610463,false_positive,hybrid_plus_conservation__logistic_regression
BRCA1 p.E1635K,BRCA1,0,0.5923717293651563,false_positive,hybrid_plus_conservation__logistic_regression
BRCA1 p.E1682K,BRCA1,0,0.5962180745079544,false_positive,hybrid_plus_conservation__logistic_regression
BRCA1 p.E1765K,BRCA1,0,0.6029814936152766,false_positive,hybrid_plus_conservation__logistic_regression
BRCA1 p.E572K,BRCA1,0,0.503243132734537,false_positive,hybrid_plus_conservation__logistic_regression
BRCA1 p.E699K,BRCA1,0,0.5140161656508508,false_positive,hybrid_plus_conservation__logistic_regression
BRCA1 p.G1138E,BRCA1,0,0.8093186200538411,false_positive,hybrid_plus_conservation__logistic_regression
BRCA1 p.G394D,BRCA1,0,0.8155906301250782,false_positive,hybrid_plus_conservation__logistic_regression
BRCA1 p.G559A,BRCA1,0,0.6244977349544618,false_positive,hybrid_plus_conservation__logistic_regression
BRCA1 p.G774A,BRCA1,0,0.6414490552744484,false_positive,hybrid_plus_conservation__logistic_regression
BRCA1 p.G964E,BRCA1,0,0.8000375911993428,false_positive,hybrid_plus_conservation__logistic_regression
BRCA1 p.H1402Y,BRCA1,0,0.6648269586431598,false_positive,hybrid_plus_conservation__logistic_regression
BRCA1 p.H553P,BRCA1,0,0.9184628948750044,false_positive,hybrid_plus_conservation__logistic_regression
BRCA1 p.H692R,BRCA1,0,0.6259653201284566,false_positive,hybrid_plus_conservation__logistic_regression
BRCA1 p.H971P,BRCA1,0,0.928476690094004,false_positive,hybrid_plus_conservation__logistic_regression
BRCA1 p.L1285R,BRCA1,0,0.8008067769536741,false_positive,hybrid_plus_conservation__logistic_regression
BRCA1 p.L152P,BRCA1,0,0.8752381223447517,false_positive,hybrid_plus_conservation__logistic_regression
BRCA1 p.L1844R,BRCA1,0,0.8293576269133613,false_positive,hybrid_plus_conservation__logistic_regression
BRCA1 p.L1844P,BRCA1,0,0.925696729857293,false_positive,hybrid_plus_conservation__logistic_regression
BRCA1 p.K1648Q,BRCA1,0,0.5624575020770057,false_positive,hybrid_plus_conservation__logistic_regression
BRCA1 p.M1783K,BRCA1,0,0.99073264901009,false_positive,hybrid_plus_conservation__logistic_regression
BRCA1 p.M297I,BRCA1,0,0.5352334559964556,false_positive,hybrid_plus_conservation__logistic_regression
BRCA1 p.M751I,BRCA1,0,0.5732847363302327,false_positive,hybrid_plus_conservation__logistic_regression
BRCA1 p.F1571S,BRCA1,0,0.54265483315344,false_positive,hybrid_plus_conservation__logistic_regression
BRCA1 p.P1859R,BRCA1,0,0.5356373176025471,false_positive,hybrid_plus_conservation__logistic_regression
BRCA1 p.S1524F,BRCA1,0,0.5005544956434609,false_positive,hybrid_plus_conservation__logistic_regression
BRCA1 p.S449P,BRCA1,0,0.571940090049619,false_positive,hybrid_plus_conservation__logistic_regression
BRCA1 p.S616P,BRCA1,0,0.5857575710642209,false_positive,hybrid_plus_conservation__logistic_regression
BRCA1 p.T1349M,BRCA1,0,0.8465465633113899,false_positive,hybrid_plus_conservation__logistic_regression
BRCA1 p.T1802R,BRCA1,0,0.6995499649153292,false_positive,hybrid_plus_conservation__logistic_regression
BRCA1 p.T760I,BRCA1,0,0.5599329652699787,false_positive,hybrid_plus_conservation__logistic_regression
BRCA1 p.V1023M,BRCA1,0,0.7886357876357456,false_positive,hybrid_plus_conservation__logistic_regression
BRCA1 p.V1116L,BRCA1,0,0.5490191614610793,false_positive,hybrid_plus_conservation__logistic_regression
BRCA1 p.V1333A,BRCA1,0,0.5537242599821721,false_positive,hybrid_plus_conservation__logistic_regression
BRCA1 p.V1493A,BRCA1,0,0.5671020879657431,false_positive,hybrid_plus_conservation__logistic_regression
BRCA1 p.V1632M,BRCA1,0,0.8210430191185967,false_positive,hybrid_plus_conservation__logistic_regression
BRCA1 p.R252C,BRCA1,1,0.3436577667349525,false_negative,hybrid_plus_conservation__logistic_regression
BRCA1 p.Q687H,BRCA1,1,0.3749384795628454,false_negative,hybrid_plus_conservation__logistic_regression
BRCA1 p.E730G,BRCA1,1,0.3141383318048778,false_negative,hybrid_plus_conservation__logistic_regression
BRCA1 p.I1318L,BRCA1,1,0.0316615939046988,false_negative,hybrid_plus_conservation__logistic_regression
BRCA1 p.K1183N,BRCA1,1,0.3374997208230962,false_negative,hybrid_plus_conservation__logistic_regression
BRCA1 p.K168E,BRCA1,1,0.3075892497679311,false_negative,hybrid_plus_conservation__logistic_regression
BRCA1 p.P34S,BRCA1,1,0.1158005922364066,false_negative,hybrid_plus_conservation__logistic_regression
BRCA1 p.S1598Y,BRCA1,1,0.4078078686379739,false_negative,hybrid_plus_conservation__logistic_regression
BRCA1 p.S1715R,BRCA1,1,0.449859274195182,false_negative,hybrid_plus_conservation__logistic_regression
BRCA1 p.S265F,BRCA1,1,0.3952934756663266,false_negative,hybrid_plus_conservation__logistic_regression
BRCA1 p.Y1703H,BRCA1,1,0.479222034908788,false_negative,hybrid_plus_conservation__logistic_regression
BRCA1 p.A1453G,BRCA1,0,0.601281706527817,false_positive,hybrid_plus_conservation_structure__logistic_regression
BRCA1 p.A1481G,BRCA1,0,0.6035581245639962,false_positive,hybrid_plus_conservation_structure__logistic_regression
BRCA1 p.A1617V,BRCA1,0,0.5773064116771233,false_positive,hybrid_plus_conservation_structure__logistic_regression
BRCA1 p.A280G,BRCA1,0,0.5031594613746694,false_positive,hybrid_plus_conservation_structure__logistic_regression
BRCA1 p.A794V,BRCA1,0,0.5080896435846131,false_positive,hybrid_plus_conservation_structure__logistic_regression
BRCA1 p.A883V,BRCA1,0,0.5156379258544335,false_positive,hybrid_plus_conservation_structure__logistic_regression
BRCA1 p.R1028P,BRCA1,0,0.9662334840273012,false_positive,hybrid_plus_conservation_structure__logistic_regression
BRCA1 p.R1074K,BRCA1,0,0.8431151926817895,false_positive,hybrid_plus_conservation_structure__logistic_regression
BRCA1 p.R1243K,BRCA1,0,0.8505546865671334,false_positive,hybrid_plus_conservation_structure__logistic_regression
BRCA1 p.R1520S,BRCA1,0,0.7396931160007412,false_positive,hybrid_plus_conservation_structure__logistic_regression
BRCA1 p.R213M,BRCA1,0,0.8868458387201263,false_positive,hybrid_plus_conservation_structure__logistic_regression
BRCA1 p.R466W,BRCA1,0,0.9412485461634948,false_positive,hybrid_plus_conservation_structure__logistic_regression
BRCA1 p.R610K,BRCA1,0,0.8211397777601743,false_positive,hybrid_plus_conservation_structure__logistic_regression
BRCA1 p.R613G,BRCA1,0,0.6423526246575321,false_positive,hybrid_plus_conservation_structure__logistic_regression
BRCA1 p.D1381E,BRCA1,0,0.6634676550231432,false_positive,hybrid_plus_conservation_structure__logistic_regression
BRCA1 p.D1475N,BRCA1,0,0.5874939452461045,false_positive,hybrid_plus_conservation_structure__logistic_regression
BRCA1 p.D1582N,BRCA1,0,0.5962672445103531,false_positive,hybrid_plus_conservation_structure__logistic_regression
BRCA1 p.D1582G,BRCA1,0,0.68552001640111,false_positive,hybrid_plus_conservation_structure__logistic_regression
BRCA1 p.D400E,BRCA1,0,0.5855960768118426,false_positive,hybrid_plus_conservation_structure__logistic_regression
BRCA1 p.D936G,BRCA1,0,0.6364467598052203,false_positive,hybrid_plus_conservation_structure__logistic_regression
BRCA1 p.C1501Y,BRCA1,0,0.9780279290610704,false_positive,hybrid_plus_conservation_structure__logistic_regression
BRCA1 p.C1828G,BRCA1,0,0.9773461022517748,false_positive,hybrid_plus_conservation_structure__logistic_regression
BRCA1 p.C636F,BRCA1,0,0.8161931788146273,false_positive,hybrid_plus_conservation_structure__logistic_regression
BRCA1 p.C644F,BRCA1,0,0.8166002239091016,false_positive,hybrid_plus_conservation_structure__logistic_regression
BRCA1 p.C818F,BRCA1,0,0.8252809984722216,false_positive,hybrid_plus_conservation_structure__logistic_regression
BRCA1 p.C994Y,BRCA1,0,0.974008914806032,false_positive,hybrid_plus_conservation_structure__logistic_regression
BRCA1 p.Q284R,BRCA1,0,0.6239846960279122,false_positive,hybrid_plus_conservation_structure__logistic_regression
BRCA1 p.Q667P,BRCA1,0,0.7797482323596416,false_positive,hybrid_plus_conservation_structure__logistic_regression
BRCA1 p.E1017K,BRCA1,0,0.540895423622641,false_positive,hybrid_plus_conservation_structure__logistic_regression
BRCA1 p.E1107K,BRCA1,0,0.5484718152701502,false_positive,hybrid_plus_conservation_structure__logistic_regression
BRCA1 p.E1462K,BRCA1,0,0.5781055993052806,false_positive,hybrid_plus_conservation_structure__logistic_regression
BRCA1 p.E1635K,BRCA1,0,0.5923589304087837,false_positive,hybrid_plus_conservation_structure__logistic_regression
BRCA1 p.E1682K,BRCA1,0,0.5962055836516887,false_positive,hybrid_plus_conservation_structure__logistic_regression
BRCA1 p.E1765K,BRCA1,0,0.6029695461901229,false_positive,hybrid_plus_conservation_structure__logistic_regression
BRCA1 p.E572K,BRCA1,0,0.5032235491580732,false_positive,hybrid_plus_conservation_structure__logistic_regression
BRCA1 p.E699K,BRCA1,0,0.5139973526827312,false_positive,hybrid_plus_conservation_structure__logistic_regression
BRCA1 p.G1138E,BRCA1,0,0.8092627726557972,false_positive,hybrid_plus_conservation_structure__logistic_regression
BRCA1 p.G394D,BRCA1,0,0.8155400976189472,false_positive,hybrid_plus_conservation_structure__logistic_regression
BRCA1 p.G559A,BRCA1,0,0.6243055479253135,false_positive,hybrid_plus_conservation_structure__logistic_regression
BRCA1 p.G774A,BRCA1,0,0.6412617390272882,false_positive,hybrid_plus_conservation_structure__logistic_regression
BRCA1 p.G964E,BRCA1,0,0.7999790338288366,false_positive,hybrid_plus_conservation_structure__logistic_regression
BRCA1 p.H1402Y,BRCA1,0,0.6646908555748543,false_positive,hybrid_plus_conservation_structure__logistic_regression
BRCA1 p.H553P,BRCA1,0,0.9184256871542874,false_positive,hybrid_plus_conservation_structure__logistic_regression
BRCA1 p.H692R,BRCA1,0,0.6258983210281398,false_positive,hybrid_plus_conservation_structure__logistic_regression
BRCA1 p.H971P,BRCA1,0,0.928444357750492,false_positive,hybrid_plus_conservation_structure__logistic_regression
BRCA1 p.L1285R,BRCA1,0,0.8007530438852575,false_positive,hybrid_plus_conservation_structure__logistic_regression
BRCA1 p.L152P,BRCA1,0,0.8752193492187619,false_positive,hybrid_plus_conservation_structure__logistic_regression
BRCA1 p.L1844R,BRCA1,0,0.8293118397041206,false_positive,hybrid_plus_conservation_structure__logistic_regression
BRCA1 p.L1844P,BRCA1,0,0.9256876785135688,false_positive,hybrid_plus_conservation_structure__logistic_regression
BRCA1 p.K1648Q,BRCA1,0,0.5624776771493557,false_positive,hybrid_plus_conservation_structure__logistic_regression
BRCA1 p.M1783K,BRCA1,0,0.9907252453180216,false_positive,hybrid_plus_conservation_structure__logistic_regression
BRCA1 p.M297I,BRCA1,0,0.535110174867825,false_positive,hybrid_plus_conservation_structure__logistic_regression
BRCA1 p.M751I,BRCA1,0,0.5731661462788048,false_positive,hybrid_plus_conservation_structure__logistic_regression
BRCA1 p.F1571S,BRCA1,0,0.5425467980660765,false_positive,hybrid_plus_conservation_structure__logistic_regression
BRCA1 p.P1859R,BRCA1,0,0.535505531525903,false_positive,hybrid_plus_conservation_structure__logistic_regression
BRCA1 p.S1524F,BRCA1,0,0.5005321533329113,false_positive,hybrid_plus_conservation_structure__logistic_regression
BRCA1 p.S449P,BRCA1,0,0.5718070867475211,false_positive,hybrid_plus_conservation_structure__logistic_regression
BRCA1 p.S616P,BRCA1,0,0.5856267163145276,false_positive,hybrid_plus_conservation_structure__logistic_regression
BRCA1 p.T1349M,BRCA1,0,0.8465129958449629,false_positive,hybrid_plus_conservation_structure__logistic_regression
BRCA1 p.T1802R,BRCA1,0,0.6995462894170692,false_positive,hybrid_plus_conservation_structure__logistic_regression
BRCA1 p.T760I,BRCA1,0,0.5599734549139024,false_positive,hybrid_plus_conservation_structure__logistic_regression
BRCA1 p.V1023M,BRCA1,0,0.7886308891097997,false_positive,hybrid_plus_conservation_structure__logistic_regression
BRCA1 p.V1116L,BRCA1,0,0.5489970777698353,false_positive,hybrid_plus_conservation_structure__logistic_regression
BRCA1 p.V1333A,BRCA1,0,0.5535449193383214,false_positive,hybrid_plus_conservation_structure__logistic_regression
BRCA1 p.V1493A,BRCA1,0,0.5669248548605212,false_positive,hybrid_plus_conservation_structure__logistic_regression
BRCA1 p.V1632M,BRCA1,0,0.8210408337273012,false_positive,hybrid_plus_conservation_structure__logistic_regression
BRCA1 p.R252C,BRCA1,1,0.3435075805835281,false_negative,hybrid_plus_conservation_structure__logistic_regression
BRCA1 p.Q687H,BRCA1,1,0.3748420488830307,false_negative,hybrid_plus_conservation_structure__logistic_regression
BRCA1 p.E730G,BRCA1,1,0.3140157784203582,false_negative,hybrid_plus_conservation_structure__logistic_regression
BRCA1 p.I1318L,BRCA1,1,0.0316168568080561,false_negative,hybrid_plus_conservation_structure__logistic_regression
BRCA1 p.K1183N,BRCA1,1,0.3374816732807973,false_negative,hybrid_plus_conservation_structure__logistic_regression
BRCA1 p.K168E,BRCA1,1,0.3076025556106999,false_negative,hybrid_plus_conservation_structure__logistic_regression
BRCA1 p.P34S,BRCA1,1,0.1157365252572675,false_negative,hybrid_plus_conservation_structure__logistic_regression
BRCA1 p.S1598Y,BRCA1,1,0.4078192920491508,false_negative,hybrid_plus_conservation_structure__logistic_regression
BRCA1 p.S1715R,BRCA1,1,0.4498216148238185,false_negative,hybrid_plus_conservation_structure__logistic_regression
BRCA1 p.S265F,BRCA1,1,0.3952649414454968,false_negative,hybrid_plus_conservation_structure__logistic_regression
BRCA1 p.Y1703H,BRCA1,1,0.4790209734539215,false_negative,hybrid_plus_conservation_structure__logistic_regression
BRCA1 p.A1669T,BRCA1,0,0.5030405802335023,false_positive,external_predictors_only__logistic_regression
BRCA1 p.A794V,BRCA1,0,0.5002920075068255,false_positive,external_predictors_only__logistic_regression
BRCA1 p.R170Q,BRCA1,0,0.5249098739655214,false_positive,external_predictors_only__logistic_regression
BRCA1 p.D1381E,BRCA1,0,0.5020979845079295,false_positive,external_predictors_only__logistic_regression
BRCA1 p.Q155E,BRCA1,0,0.5266117417414931,false_positive,external_predictors_only__logistic_regression
BRCA1 p.E1462K,BRCA1,0,0.5003800623222768,false_positive,external_predictors_only__logistic_regression
BRCA1 p.E188K,BRCA1,0,0.5257519578402644,false_positive,external_predictors_only__logistic_regression
BRCA1 p.I15L,BRCA1,0,0.5373361085906313,false_positive,external_predictors_only__logistic_regression
BRCA1 p.L152P,BRCA1,0,0.5282231852217617,false_positive,external_predictors_only__logistic_regression
BRCA1 p.K734N,BRCA1,0,0.5002939021683521,false_positive,external_predictors_only__logistic_regression
BRCA1 p.P58A,BRCA1,0,0.554013261433837,false_positive,external_predictors_only__logistic_regression
BRCA1 p.S104R,BRCA1,0,0.5366974982110069,false_positive,external_predictors_only__logistic_regression
BRCA1 p.S151R,BRCA1,0,0.5249191007974514,false_positive,external_predictors_only__logistic_regression
BRCA1 p.S186C,BRCA1,0,0.5249191007974514,false_positive,external_predictors_only__logistic_regression
BRCA1 p.V1116L,BRCA1,0,0.5007041028939313,false_positive,external_predictors_only__logistic_regression
BRCA1 p.Q687H,BRCA1,1,0.4993346813568812,false_negative,external_predictors_only__logistic_regression
BRCA1 p.E1410K,BRCA1,1,0.4993346813568812,false_negative,external_predictors_only__logistic_regression
BRCA1 p.E1694K,BRCA1,1,0.4993346813568812,false_negative,external_predictors_only__logistic_regression
BRCA1 p.E730G,BRCA1,1,0.4993346813568812,false_negative,external_predictors_only__logistic_regression
BRCA1 p.G1332R,BRCA1,1,0.4993346813568812,false_negative,external_predictors_only__logistic_regression
BRCA1 p.I1318L,BRCA1,1,0.4993346813568812,false_negative,external_predictors_only__logistic_regression
BRCA1 p.L347P,BRCA1,1,0.4993346813568812,false_negative,external_predictors_only__logistic_regression
BRCA1 p.K1183N,BRCA1,1,0.498290051954209,false_negative,external_predictors_only__logistic_regression
BRCA1 p.F1734V,BRCA1,1,0.4993346813568812,false_negative,external_predictors_only__logistic_regression
BRCA1 p.S1598Y,BRCA1,1,0.4993346813568812,false_negative,external_predictors_only__logistic_regression
BRCA1 p.S1715R,BRCA1,1,0.4993346813568812,false_negative,external_predictors_only__logistic_regression
BRCA1 p.S1755P,BRCA1,1,0.4993346813568812,false_negative,external_predictors_only__logistic_regression
BRCA1 p.S265F,BRCA1,1,0.4993346813568812,false_negative,external_predictors_only__logistic_regression
BRCA1 p.Y1703H,BRCA1,1,0.4993346813568812,false_negative,external_predictors_only__logistic_regression
BRCA1 p.V1713A,BRCA1,1,0.4993346813568812,false_negative,external_predictors_only__logistic_regression
BRCA1 p.V1838L,BRCA1,1,0.4987382819291732,false_negative,external_predictors_only__logistic_regression
BRCA1 p.V1842E,BRCA1,1,0.4993346813568812,false_negative,external_predictors_only__logistic_regression
BRCA1 p.A1453G,BRCA1,0,0.5834407049181806,false_positive,hybrid_plus_external__logistic_regression
BRCA1 p.A1481G,BRCA1,0,0.5880650494243441,false_positive,hybrid_plus_external__logistic_regression
BRCA1 p.A1617V,BRCA1,0,0.5789251805660209,false_positive,hybrid_plus_external__logistic_regression
BRCA1 p.A883V,BRCA1,0,0.5005034909153907,false_positive,hybrid_plus_external__logistic_regression
BRCA1 p.R1028P,BRCA1,0,0.96383159787717,false_positive,hybrid_plus_external__logistic_regression
BRCA1 p.R1074K,BRCA1,0,0.8197727867927316,false_positive,hybrid_plus_external__logistic_regression
BRCA1 p.R1243K,BRCA1,0,0.8301220212591168,false_positive,hybrid_plus_external__logistic_regression
BRCA1 p.R1520S,BRCA1,0,0.7411956181875129,false_positive,hybrid_plus_external__logistic_regression
BRCA1 p.R213M,BRCA1,0,0.8859803040463078,false_positive,hybrid_plus_external__logistic_regression
BRCA1 p.R466W,BRCA1,0,0.9418679833054148,false_positive,hybrid_plus_external__logistic_regression
BRCA1 p.R610K,BRCA1,0,0.7888483564037161,false_positive,hybrid_plus_external__logistic_regression
BRCA1 p.R613G,BRCA1,0,0.6304606004717404,false_positive,hybrid_plus_external__logistic_regression
BRCA1 p.D1381E,BRCA1,0,0.6733057545893755,false_positive,hybrid_plus_external__logistic_regression
BRCA1 p.D1475N,BRCA1,0,0.5789488955046345,false_positive,hybrid_plus_external__logistic_regression
BRCA1 p.D1582N,BRCA1,0,0.5899709687890795,false_positive,hybrid_plus_external__logistic_regression
BRCA1 p.D1582G,BRCA1,0,0.688039044643682,false_positive,hybrid_plus_external__logistic_regression
BRCA1 p.D400E,BRCA1,0,0.5653890882486742,false_positive,hybrid_plus_external__logistic_regression
BRCA1 p.D936G,BRCA1,0,0.6264363302368456,false_positive,hybrid_plus_external__logistic_regression
BRCA1 p.C1501Y,BRCA1,0,0.9783851047902724,false_positive,hybrid_plus_external__logistic_regression
BRCA1 p.C1828G,BRCA1,0,0.9760561827604446,false_positive,hybrid_plus_external__logistic_regression
BRCA1 p.C636F,BRCA1,0,0.8106993354047108,false_positive,hybrid_plus_external__logistic_regression
BRCA1 p.C644F,BRCA1,0,0.811219542164764,false_positive,hybrid_plus_external__logistic_regression
BRCA1 p.C818F,BRCA1,0,0.8222634182849127,false_positive,hybrid_plus_external__logistic_regression
BRCA1 p.C994Y,BRCA1,0,0.9731984551630096,false_positive,hybrid_plus_external__logistic_regression
BRCA1 p.Q284R,BRCA1,0,0.6000553024934612,false_positive,hybrid_plus_external__logistic_regression
BRCA1 p.Q667P,BRCA1,0,0.7752050817439597,false_positive,hybrid_plus_external__logistic_regression
BRCA1 p.E1017K,BRCA1,0,0.5361169528962489,false_positive,hybrid_plus_external__logistic_regression
BRCA1 p.E1107K,BRCA1,0,0.5477750172891197,false_positive,hybrid_plus_external__logistic_regression
BRCA1 p.E1462K,BRCA1,0,0.5890376624036792,false_positive,hybrid_plus_external__logistic_regression
BRCA1 p.E1635K,BRCA1,0,0.5985377539730768,false_positive,hybrid_plus_external__logistic_regression
BRCA1 p.E1682K,BRCA1,0,0.6072048981232492,false_positive,hybrid_plus_external__logistic_regression
BRCA1 p.E1765K,BRCA1,0,0.6155692213656616,false_positive,hybrid_plus_external__logistic_regression
BRCA1 p.E699K,BRCA1,0,0.504656518668039,false_positive,hybrid_plus_external__logistic_regression
BRCA1 p.G1138E,BRCA1,0,0.8038029487618134,false_positive,hybrid_plus_external__logistic_regression
BRCA1 p.G394D,BRCA1,0,0.8067063647108768,false_positive,hybrid_plus_external__logistic_regression
BRCA1 p.G559A,BRCA1,0,0.5956370110434372,false_positive,hybrid_plus_external__logistic_regression
BRCA1 p.G774A,BRCA1,0,0.6173967694925235,false_positive,hybrid_plus_external__logistic_regression
BRCA1 p.G964E,BRCA1,0,0.7898256067007147,false_positive,hybrid_plus_external__logistic_regression
BRCA1 p.H1402Y,BRCA1,0,0.6771208013401036,false_positive,hybrid_plus_external__logistic_regression
BRCA1 p.H553P,BRCA1,0,0.9159017084553692,false_positive,hybrid_plus_external__logistic_regression
BRCA1 p.H692R,BRCA1,0,0.6026584797001472,false_positive,hybrid_plus_external__logistic_regression
BRCA1 p.H971P,BRCA1,0,0.9285895534296604,false_positive,hybrid_plus_external__logistic_regression
BRCA1 p.L1285R,BRCA1,0,0.8057898701360475,false_positive,hybrid_plus_external__logistic_regression
BRCA1 p.L152P,BRCA1,0,0.8747660299751326,false_positive,hybrid_plus_external__logistic_regression
BRCA1 p.L1844R,BRCA1,0,0.8400652279864926,false_positive,hybrid_plus_external__logistic_regression
BRCA1 p.L1844P,BRCA1,0,0.9294718090089734,false_positive,hybrid_plus_external__logistic_regression
BRCA1 p.K1648Q,BRCA1,0,0.5667614316352899,false_positive,hybrid_plus_external__logistic_regression
BRCA1 p.M1783K,BRCA1,0,0.9921324245111874,false_positive,hybrid_plus_external__logistic_regression
BRCA1 p.M297I,BRCA1,0,0.5372439532009116,false_positive,hybrid_plus_external__logistic_regression
BRCA1 p.M751I,BRCA1,0,0.5846330310224167,false_positive,hybrid_plus_external__logistic_regression
BRCA1 p.F1571S,BRCA1,0,0.5503178900318533,false_positive,hybrid_plus_external__logistic_regression
BRCA1 p.P1859R,BRCA1,0,0.5565202243699485,false_positive,hybrid_plus_external__logistic_regression
BRCA1 p.S1524F,BRCA1,0,0.5222430500691246,false_positive,hybrid_plus_external__logistic_regression
BRCA1 p.S449P,BRCA1,0,0.5512240727509335,false_positive,hybrid_plus_external__logistic_regression
BRCA1 p.S616P,BRCA1,0,0.5686763637129928,false_positive,hybrid_plus_external__logistic_regression
BRCA1 p.T1349M,BRCA1,0,0.8634878760631499,false_positive,hybrid_plus_external__logistic_regression
BRCA1 p.T1802R,BRCA1,0,0.7239497786123941,false_positive,hybrid_plus_external__logistic_regression
BRCA1 p.T760I,BRCA1,0,0.5401763096054223,false_positive,hybrid_plus_external__logistic_regression
BRCA1 p.V1023M,BRCA1,0,0.7906493430377967,false_positive,hybrid_plus_external__logistic_regression
BRCA1 p.V1333A,BRCA1,0,0.5901737172376381,false_positive,hybrid_plus_external__logistic_regression
BRCA1 p.V1493A,BRCA1,0,0.608150946159843,false_positive,hybrid_plus_external__logistic_regression
BRCA1 p.V1632M,BRCA1,0,0.8277242392912612,false_positive,hybrid_plus_external__logistic_regression
BRCA1 p.R252C,BRCA1,1,0.3463457033636969,false_negative,hybrid_plus_external__logistic_regression
BRCA1 p.Q687H,BRCA1,1,0.3650397339917268,false_negative,hybrid_plus_external__logistic_regression
BRCA1 p.E730G,BRCA1,1,0.2969925689353711,false_negative,hybrid_plus_external__logistic_regression
BRCA1 p.I1318L,BRCA1,1,0.0276078958792803,false_negative,hybrid_plus_external__logistic_regression
BRCA1 p.K1183N,BRCA1,1,0.3198798738389679,false_negative,hybrid_plus_external__logistic_regression
BRCA1 p.K168E,BRCA1,1,0.2851561143714177,false_negative,hybrid_plus_external__logistic_regression
BRCA1 p.P34S,BRCA1,1,0.1119003460861245,false_negative,hybrid_plus_external__logistic_regression
BRCA1 p.S1598Y,BRCA1,1,0.4182580471860168,false_negative,hybrid_plus_external__logistic_regression
BRCA1 p.S1715R,BRCA1,1,0.4655582773137235,false_negative,hybrid_plus_external__logistic_regression
BRCA1 p.S265F,BRCA1,1,0.3905527359907124,false_negative,hybrid_plus_external__logistic_regression
BRCA1 p.Y1703H,BRCA1,1,0.4819450730320078,false_negative,hybrid_plus_external__logistic_regression
BRCA1 p.V1838L,BRCA1,1,0.4917856970645268,false_negative,hybrid_plus_external__logistic_regression
BRCA1 p.A1453G,BRCA1,0,0.5954533012251191,false_positive,consensus_top3
BRCA1 p.A1481G,BRCA1,0,0.5985120674836075,false_positive,consensus_top3
BRCA1 p.A1617V,BRCA1,0,0.5779818110272145,false_positive,consensus_top3
BRCA1 p.A794V,BRCA1,0,0.5043390372596867,false_positive,consensus_top3
BRCA1 p.A883V,BRCA1,0,0.5107338469094577,false_positive,consensus_top3
BRCA1 p.R1028P,BRCA1,0,0.9654451402542784,false_positive,consensus_top3
BRCA1 p.R1074K,BRCA1,0,0.8353707539709795,false_positive,consensus_top3
BRCA1 p.R1243K,BRCA1,0,0.8437785403900664,false_positive,consensus_top3
BRCA1 p.R1520S,BRCA1,0,0.7402242301324047,false_positive,consensus_top3
BRCA1 p.R213M,BRCA1,0,0.8866078780503912,false_positive,consensus_top3
BRCA1 p.R466W,BRCA1,0,0.9414306790554676,false_positive,consensus_top3
BRCA1 p.R610K,BRCA1,0,0.8104169886443024,false_positive,consensus_top3
BRCA1 p.R613G,BRCA1,0,0.6383486933530208,false_positive,consensus_top3
BRCA1 p.D1381E,BRCA1,0,0.6667773054112299,false_positive,consensus_top3
BRCA1 p.D1475N,BRCA1,0,0.5846822659176641,false_positive,consensus_top3
BRCA1 p.D1582N,BRCA1,0,0.5942046700046039,false_positive,consensus_top3
BRCA1 p.D1582G,BRCA1,0,0.6864035850298005,false_positive,consensus_top3
BRCA1 p.D400E,BRCA1,0,0.5788955701235597,false_positive,consensus_top3
BRCA1 p.D936G,BRCA1,0,0.6331584671883116,false_positive,consensus_top3
BRCA1 p.C1501Y,BRCA1,0,0.9781378136924732,false_positive,consensus_top3
BRCA1 p.C1828G,BRCA1,0,0.9769272490983488,false_positive,consensus_top3
BRCA1 p.C636F,BRCA1,0,0.8143781452839476,false_positive,consensus_top3
BRCA1 p.C644F,BRCA1,0,0.8148228717581093,false_positive,consensus_top3
BRCA1 p.C818F,BRCA1,0,0.8242905075961907,false_positive,consensus_top3
BRCA1 p.C994Y,BRCA1,0,0.9737280751280792,false_positive,consensus_top3
BRCA1 p.Q284R,BRCA1,0,0.6160328479807914,false_positive,consensus_top3
BRCA1 p.Q667P,BRCA1,0,0.7782124332585107,false_positive,consensus_top3
BRCA1 p.E1017K,BRCA1,0,0.5393155323452571,false_positive,consensus_top3
BRCA1 p.E1107K,BRCA1,0,0.5482522364704931,false_positive,consensus_top3
BRCA1 p.E1462K,BRCA1,0,0.5817613001944925,false_positive,consensus_top3
BRCA1 p.E1635K,BRCA1,0,0.5944297084724174,false_positive,consensus_top3
BRCA1 p.E1682K,BRCA1,0,0.5998830519362794,false_positive,consensus_top3
BRCA1 p.E1765K,BRCA1,0,0.6071802192473751,false_positive,consensus_top3
BRCA1 p.E699K,BRCA1,0,0.510897498433341,false_positive,consensus_top3
BRCA1 p.G1138E,BRCA1,0,0.8074828322908804,false_positive,consensus_top3
BRCA1 p.G394D,BRCA1,0,0.8126286625926907,false_positive,consensus_top3
BRCA1 p.G559A,BRCA1,0,0.6148733163198593,false_positive,consensus_top3
BRCA1 p.G774A,BRCA1,0,0.6334278497435268,false_positive,consensus_top3
BRCA1 p.G964E,BRCA1,0,0.7966362870091045,false_positive,consensus_top3
BRCA1 p.H1402Y,BRCA1,0,0.6689291979605071,false_positive,consensus_top3
BRCA1 p.H553P,BRCA1,0,0.9176102154027788,false_positive,consensus_top3
BRCA1 p.H692R,BRCA1,0,0.6181939444163503,false_positive,consensus_top3
BRCA1 p.H971P,BRCA1,0,0.9285154213809594,false_positive,consensus_top3
BRCA1 p.L1285R,BRCA1,0,0.802466663458639,false_positive,consensus_top3
BRCA1 p.L152P,BRCA1,0,0.8750810693865402,false_positive,consensus_top3
BRCA1 p.L1844R,BRCA1,0,0.8329263239155799,false_positive,consensus_top3
BRCA1 p.L1844P,BRCA1,0,0.926956038901834,false_positive,consensus_top3
BRCA1 p.K1648Q,BRCA1,0,0.5638931236321342,false_positive,consensus_top3
BRCA1 p.M1783K,BRCA1,0,0.99119975368379,false_positive,consensus_top3
BRCA1 p.M297I,BRCA1,0,0.5359059489356143,false_positive,consensus_top3
BRCA1 p.M751I,BRCA1,0,0.5770705087141262,false_positive,consensus_top3
BRCA1 p.F1571S,BRCA1,0,0.5452062601436065,false_positive,consensus_top3
BRCA1 p.P1859R,BRCA1,0,0.5425996681852172,false_positive,consensus_top3
BRCA1 p.S1524F,BRCA1,0,0.5077796258804563,false_positive,consensus_top3
BRCA1 p.S449P,BRCA1,0,0.5650384344992917,false_positive,consensus_top3
BRCA1 p.S616P,BRCA1,0,0.5800677483445794,false_positive,consensus_top3
BRCA1 p.T1349M,BRCA1,0,0.8521948861611438,false_positive,consensus_top3
BRCA1 p.T1802R,BRCA1,0,0.7076878047729748,false_positive,consensus_top3
BRCA1 p.T760I,BRCA1,0,0.5533471841750266,false_positive,consensus_top3
BRCA1 p.V1023M,BRCA1,0,0.7893085682064065,false_positive,consensus_top3
BRCA1 p.V1116L,BRCA1,0,0.5084591025311129,false_positive,consensus_top3
BRCA1 p.V1333A,BRCA1,0,0.5658828623482731,false_positive,consensus_top3
BRCA1 p.V1493A,BRCA1,0,0.580794020771887,false_positive,consensus_top3
BRCA1 p.V1632M,BRCA1,0,0.8232720780464765,false_positive,consensus_top3
BRCA1 p.R252C,BRCA1,1,0.3445562995789139,false_negative,consensus_top3
BRCA1 p.Q687H,BRCA1,1,0.3716362590979589,false_negative,consensus_top3
BRCA1 p.E730G,BRCA1,1,0.308422386096403,false_negative,consensus_top3
BRCA1 p.I1318L,BRCA1,1,0.0303105731889782,false_negative,consensus_top3
BRCA1 p.K1183N,BRCA1,1,0.3316303857666197,false_negative,consensus_top3
BRCA1 p.K168E,BRCA1,1,0.3001194174317752,false_negative,consensus_top3
BRCA1 p.P34S,BRCA1,1,0.1145008168100524,false_negative,consensus_top3
BRCA1 p.S1598Y,BRCA1,1,0.4112901672691452,false_negative,consensus_top3
BRCA1 p.S1715R,BRCA1,1,0.4550934695959205,false_negative,consensus_top3
BRCA1 p.S265F,BRCA1,1,0.3937070856010697,false_negative,consensus_top3
BRCA1 p.Y1703H,BRCA1,1,0.4801317253637318,false_negative,consensus_top3
BRCA1 p.A1453G,BRCA1,0,0.7548144001145937,false_positive,gene_balanced_specialist
BRCA1 p.A1481G,BRCA1,0,0.7680364207017767,false_positive,gene_balanced_specialist
BRCA1 p.A1617V,BRCA1,0,0.5391526085663638,false_positive,gene_balanced_specialist
BRCA1 p.R1028P,BRCA1,0,0.9409461068438169,false_positive,gene_balanced_specialist
BRCA1 p.R1074K,BRCA1,0,0.6263173712960095,false_positive,gene_balanced_specialist
BRCA1 p.R1243K,BRCA1,0,0.6634004214414657,false_positive,gene_balanced_specialist
BRCA1 p.R1520S,BRCA1,0,0.5490821683638993,false_positive,gene_balanced_specialist
BRCA1 p.R213M,BRCA1,0,0.6827077535597549,false_positive,gene_balanced_specialist
BRCA1 p.R466W,BRCA1,0,0.7658340283247893,false_positive,gene_balanced_specialist
BRCA1 p.R610K,BRCA1,0,0.5178861096441302,false_positive,gene_balanced_specialist
BRCA1 p.R613G,BRCA1,0,0.5705604095795148,false_positive,gene_balanced_specialist
BRCA1 p.D1475N,BRCA1,0,0.5293780182643895,false_positive,gene_balanced_specialist
BRCA1 p.D1582N,BRCA1,0,0.554837867505883,false_positive,gene_balanced_specialist
BRCA1 p.D1582G,BRCA1,0,0.8488448783590227,false_positive,gene_balanced_specialist
BRCA1 p.D936G,BRCA1,0,0.7514192332250132,false_positive,gene_balanced_specialist
BRCA1 p.C1501Y,BRCA1,0,0.9941222554113174,false_positive,gene_balanced_specialist
BRCA1 p.C1828G,BRCA1,0,0.9975154630082064,false_positive,gene_balanced_specialist
BRCA1 p.C636F,BRCA1,0,0.9458012691683568,false_positive,gene_balanced_specialist
BRCA1 p.C644F,BRCA1,0,0.9461931145940164,false_positive,gene_balanced_specialist
BRCA1 p.C818F,BRCA1,0,0.9540811717495674,false_positive,gene_balanced_specialist
BRCA1 p.C994Y,BRCA1,0,0.990025110147874,false_positive,gene_balanced_specialist
BRCA1 p.Q667P,BRCA1,0,0.6013518746865711,false_positive,gene_balanced_specialist
BRCA1 p.G1138E,BRCA1,0,0.5226610867616497,false_positive,gene_balanced_specialist
BRCA1 p.G774A,BRCA1,0,0.5096231686440544,false_positive,gene_balanced_specialist
BRCA1 p.H553P,BRCA1,0,0.7731345968065854,false_positive,gene_balanced_specialist
BRCA1 p.H971P,BRCA1,0,0.8357400822871366,false_positive,gene_balanced_specialist
BRCA1 p.L1844P,BRCA1,0,0.7679202361219135,false_positive,gene_balanced_specialist
BRCA1 p.K1648Q,BRCA1,0,0.5092969884692905,false_positive,gene_balanced_specialist
BRCA1 p.M1783K,BRCA1,0,0.9918582630054712,false_positive,gene_balanced_specialist
BRCA1 p.M751I,BRCA1,0,0.519146312827595,false_positive,gene_balanced_specialist
BRCA1 p.F1571S,BRCA1,0,0.7461646990910711,false_positive,gene_balanced_specialist
BRCA1 p.S1524F,BRCA1,0,0.6060432084125592,false_positive,gene_balanced_specialist
BRCA1 p.T1802R,BRCA1,0,0.7647553260679362,false_positive,gene_balanced_specialist
BRCA1 p.V1023M,BRCA1,0,0.5310878944608355,false_positive,gene_balanced_specialist
BRCA1 p.V1333A,BRCA1,0,0.5326906389430887,false_positive,gene_balanced_specialist
BRCA1 p.V1493A,BRCA1,0,0.5811073534023372,false_positive,gene_balanced_specialist
BRCA1 p.V1632M,BRCA1,0,0.6556904728892805,false_positive,gene_balanced_specialist
BRCA1 p.R252C,BRCA1,1,0.1775142078208731,false_negative,gene_balanced_specialist
BRCA1 p.Q687H,BRCA1,1,0.1356889426221036,false_negative,gene_balanced_specialist
BRCA1 p.E1410K,BRCA1,1,0.1643379641019677,false_negative,gene_balanced_specialist
BRCA1 p.E1694K,BRCA1,1,0.2052164103195467,false_negative,gene_balanced_specialist
BRCA1 p.E730G,BRCA1,1,0.4173073295489224,false_negative,gene_balanced_specialist
BRCA1 p.G1366D,BRCA1,1,0.4505293800727299,false_negative,gene_balanced_specialist
BRCA1 p.I1318L,BRCA1,1,0.007850677725069,false_negative,gene_balanced_specialist
BRCA1 p.L347P,BRCA1,1,0.4478714750459964,false_negative,gene_balanced_specialist
BRCA1 p.K1183N,BRCA1,1,0.2113304808891372,false_negative,gene_balanced_specialist
BRCA1 p.K168E,BRCA1,1,0.151119285243383,false_negative,gene_balanced_specialist
BRCA1 p.P34S,BRCA1,1,0.0679731236249525,false_negative,gene_balanced_specialist
BRCA1 p.S1598Y,BRCA1,1,0.2080492999232104,false_negative,gene_balanced_specialist
BRCA1 p.S1715R,BRCA1,1,0.3296045626884798,false_negative,gene_balanced_specialist
BRCA1 p.S265F,BRCA1,1,0.3150967234436812,false_negative,gene_balanced_specialist
BRCA1 p.V1838L,BRCA1,1,0.2185889838471237,false_negative,gene_balanced_specialist
