gene,hgvs_p,model_request_id,aa_ref,position,aa_alt,mutation_coordinate_status,coordinate_review_status,reference_pair_pdb_path,reference_pair_xyz_path,draft_mutant_fragment_pdb_path,draft_mutant_fragment_xyz_path,reference_xtb_status,draft_mutant_xtb_status,reference_total_energy_hartree,draft_mutant_total_energy_hartree,delta_mutant_minus_reference_hartree,paired_status,interpretation_guardrail
BRCA1,p.Leu100Asp,BRCA1_pLeu100Asp,Leu,100,Asp,draft_sidechain_substitution,draft_needs_rotamer_protonation_and_domain_review,C:\Users\Wesley Capucho\Documents\IA dos números primos\primevarclass_brca1_paired_mutant_execution_results\paired_mutant_fragments\BRCA1_pLeu100Asp\BRCA1_pLeu100Asp.paired_reference_fragment.pdb,C:\Users\Wesley Capucho\Documents\IA dos números primos\primevarclass_brca1_paired_mutant_execution_results\paired_mutant_fragments\BRCA1_pLeu100Asp\BRCA1_pLeu100Asp.paired_reference_fragment.xyz,C:\Users\Wesley Capucho\Documents\IA dos números primos\primevarclass_brca1_paired_mutant_execution_results\paired_mutant_fragments\BRCA1_pLeu100Asp\BRCA1_pLeu100Asp.draft_mutant_fragment.pdb,C:\Users\Wesley Capucho\Documents\IA dos números primos\primevarclass_brca1_paired_mutant_execution_results\paired_mutant_fragments\BRCA1_pLeu100Asp\BRCA1_pLeu100Asp.draft_mutant_fragment.xyz,completed,completed,-146.590762308991,-144.519066849411,2.071695459580013,paired_xtb_completed,draft neutral heavy-atom xTB screen; not publication-grade mutant structure
BRCA1,p.Leu4Gln,BRCA1_pLeu4Gln,Leu,4,Gln,draft_sidechain_substitution,draft_needs_rotamer_protonation_and_domain_review,C:\Users\Wesley Capucho\Documents\IA dos números primos\primevarclass_brca1_paired_mutant_execution_results\paired_mutant_fragments\BRCA1_pLeu4Gln\BRCA1_pLeu4Gln.paired_reference_fragment.pdb,C:\Users\Wesley Capucho\Documents\IA dos números primos\primevarclass_brca1_paired_mutant_execution_results\paired_mutant_fragments\BRCA1_pLeu4Gln\BRCA1_pLeu4Gln.paired_reference_fragment.xyz,C:\Users\Wesley Capucho\Documents\IA dos números primos\primevarclass_brca1_paired_mutant_execution_results\paired_mutant_fragments\BRCA1_pLeu4Gln\BRCA1_pLeu4Gln.draft_mutant_fragment.pdb,C:\Users\Wesley Capucho\Documents\IA dos números primos\primevarclass_brca1_paired_mutant_execution_results\paired_mutant_fragments\BRCA1_pLeu4Gln\BRCA1_pLeu4Gln.draft_mutant_fragment.xyz,completed,completed,-137.182626157631,-144.234876315988,-7.052250158356998,paired_xtb_completed,draft neutral heavy-atom xTB screen; not publication-grade mutant structure
BRCA1,p.Leu4Asp,BRCA1_pLeu4Asp,Leu,4,Asp,draft_sidechain_substitution,draft_needs_rotamer_protonation_and_domain_review,C:\Users\Wesley Capucho\Documents\IA dos números primos\primevarclass_brca1_paired_mutant_execution_results\paired_mutant_fragments\BRCA1_pLeu4Asp\BRCA1_pLeu4Asp.paired_reference_fragment.pdb,C:\Users\Wesley Capucho\Documents\IA dos números primos\primevarclass_brca1_paired_mutant_execution_results\paired_mutant_fragments\BRCA1_pLeu4Asp\BRCA1_pLeu4Asp.paired_reference_fragment.xyz,C:\Users\Wesley Capucho\Documents\IA dos números primos\primevarclass_brca1_paired_mutant_execution_results\paired_mutant_fragments\BRCA1_pLeu4Asp\BRCA1_pLeu4Asp.draft_mutant_fragment.pdb,C:\Users\Wesley Capucho\Documents\IA dos números primos\primevarclass_brca1_paired_mutant_execution_results\paired_mutant_fragments\BRCA1_pLeu4Asp\BRCA1_pLeu4Asp.draft_mutant_fragment.xyz,completed,completed,-137.182626157631,-143.341118652188,-6.158492494556981,paired_xtb_completed,draft neutral heavy-atom xTB screen; not publication-grade mutant structure
BRCA1,p.Leu82Glu,BRCA1_pLeu82Glu,Leu,82,Glu,draft_sidechain_substitution,draft_needs_rotamer_protonation_and_domain_review,C:\Users\Wesley Capucho\Documents\IA dos números primos\primevarclass_brca1_paired_mutant_execution_results\paired_mutant_fragments\BRCA1_pLeu82Glu\BRCA1_pLeu82Glu.paired_reference_fragment.pdb,C:\Users\Wesley Capucho\Documents\IA dos números primos\primevarclass_brca1_paired_mutant_execution_results\paired_mutant_fragments\BRCA1_pLeu82Glu\BRCA1_pLeu82Glu.paired_reference_fragment.xyz,C:\Users\Wesley Capucho\Documents\IA dos números primos\primevarclass_brca1_paired_mutant_execution_results\paired_mutant_fragments\BRCA1_pLeu82Glu\BRCA1_pLeu82Glu.draft_mutant_fragment.pdb,C:\Users\Wesley Capucho\Documents\IA dos números primos\primevarclass_brca1_paired_mutant_execution_results\paired_mutant_fragments\BRCA1_pLeu82Glu\BRCA1_pLeu82Glu.draft_mutant_fragment.xyz,not_attempted,not_attempted,,,,coordinates_prepared,draft neutral heavy-atom xTB screen; not publication-grade mutant structure
BRCA1,p.Leu22Glu,BRCA1_pLeu22Glu,Leu,22,Glu,draft_sidechain_substitution,draft_needs_rotamer_protonation_and_domain_review,C:\Users\Wesley Capucho\Documents\IA dos números primos\primevarclass_brca1_paired_mutant_execution_results\paired_mutant_fragments\BRCA1_pLeu22Glu\BRCA1_pLeu22Glu.paired_reference_fragment.pdb,C:\Users\Wesley Capucho\Documents\IA dos números primos\primevarclass_brca1_paired_mutant_execution_results\paired_mutant_fragments\BRCA1_pLeu22Glu\BRCA1_pLeu22Glu.paired_reference_fragment.xyz,C:\Users\Wesley Capucho\Documents\IA dos números primos\primevarclass_brca1_paired_mutant_execution_results\paired_mutant_fragments\BRCA1_pLeu22Glu\BRCA1_pLeu22Glu.draft_mutant_fragment.pdb,C:\Users\Wesley Capucho\Documents\IA dos números primos\primevarclass_brca1_paired_mutant_execution_results\paired_mutant_fragments\BRCA1_pLeu22Glu\BRCA1_pLeu22Glu.draft_mutant_fragment.xyz,not_attempted,not_attempted,,,,coordinates_prepared,draft neutral heavy-atom xTB screen; not publication-grade mutant structure
BRCA1,p.Leu82Lys,BRCA1_pLeu82Lys,Leu,82,Lys,draft_sidechain_substitution,draft_needs_rotamer_protonation_and_domain_review,C:\Users\Wesley Capucho\Documents\IA dos números primos\primevarclass_brca1_paired_mutant_execution_results\paired_mutant_fragments\BRCA1_pLeu82Lys\BRCA1_pLeu82Lys.paired_reference_fragment.pdb,C:\Users\Wesley Capucho\Documents\IA dos números primos\primevarclass_brca1_paired_mutant_execution_results\paired_mutant_fragments\BRCA1_pLeu82Lys\BRCA1_pLeu82Lys.paired_reference_fragment.xyz,C:\Users\Wesley Capucho\Documents\IA dos números primos\primevarclass_brca1_paired_mutant_execution_results\paired_mutant_fragments\BRCA1_pLeu82Lys\BRCA1_pLeu82Lys.draft_mutant_fragment.pdb,C:\Users\Wesley Capucho\Documents\IA dos números primos\primevarclass_brca1_paired_mutant_execution_results\paired_mutant_fragments\BRCA1_pLeu82Lys\BRCA1_pLeu82Lys.draft_mutant_fragment.xyz,not_attempted,not_attempted,,,,coordinates_prepared,draft neutral heavy-atom xTB screen; not publication-grade mutant structure
BRCA1,p.Val11Asp,BRCA1_pVal11Asp,Val,11,Asp,draft_sidechain_substitution,draft_needs_rotamer_protonation_and_domain_review,C:\Users\Wesley Capucho\Documents\IA dos números primos\primevarclass_brca1_paired_mutant_execution_results\paired_mutant_fragments\BRCA1_pVal11Asp\BRCA1_pVal11Asp.paired_reference_fragment.pdb,C:\Users\Wesley Capucho\Documents\IA dos números primos\primevarclass_brca1_paired_mutant_execution_results\paired_mutant_fragments\BRCA1_pVal11Asp\BRCA1_pVal11Asp.paired_reference_fragment.xyz,C:\Users\Wesley Capucho\Documents\IA dos números primos\primevarclass_brca1_paired_mutant_execution_results\paired_mutant_fragments\BRCA1_pVal11Asp\BRCA1_pVal11Asp.draft_mutant_fragment.pdb,C:\Users\Wesley Capucho\Documents\IA dos números primos\primevarclass_brca1_paired_mutant_execution_results\paired_mutant_fragments\BRCA1_pVal11Asp\BRCA1_pVal11Asp.draft_mutant_fragment.xyz,not_attempted,not_attempted,,,,coordinates_prepared,draft neutral heavy-atom xTB screen; not publication-grade mutant structure
BRCA1,p.Val41Asp,BRCA1_pVal41Asp,Val,41,Asp,draft_sidechain_substitution,draft_needs_rotamer_protonation_and_domain_review,C:\Users\Wesley Capucho\Documents\IA dos números primos\primevarclass_brca1_paired_mutant_execution_results\paired_mutant_fragments\BRCA1_pVal41Asp\BRCA1_pVal41Asp.paired_reference_fragment.pdb,C:\Users\Wesley Capucho\Documents\IA dos números primos\primevarclass_brca1_paired_mutant_execution_results\paired_mutant_fragments\BRCA1_pVal41Asp\BRCA1_pVal41Asp.paired_reference_fragment.xyz,C:\Users\Wesley Capucho\Documents\IA dos números primos\primevarclass_brca1_paired_mutant_execution_results\paired_mutant_fragments\BRCA1_pVal41Asp\BRCA1_pVal41Asp.draft_mutant_fragment.pdb,C:\Users\Wesley Capucho\Documents\IA dos números primos\primevarclass_brca1_paired_mutant_execution_results\paired_mutant_fragments\BRCA1_pVal41Asp\BRCA1_pVal41Asp.draft_mutant_fragment.xyz,not_attempted,not_attempted,,,,coordinates_prepared,draft neutral heavy-atom xTB screen; not publication-grade mutant structure
BRCA1,p.Leu30His,BRCA1_pLeu30His,Leu,30,His,draft_sidechain_substitution,draft_needs_rotamer_protonation_and_domain_review,C:\Users\Wesley Capucho\Documents\IA dos números primos\primevarclass_brca1_paired_mutant_execution_results\paired_mutant_fragments\BRCA1_pLeu30His\BRCA1_pLeu30His.paired_reference_fragment.pdb,C:\Users\Wesley Capucho\Documents\IA dos números primos\primevarclass_brca1_paired_mutant_execution_results\paired_mutant_fragments\BRCA1_pLeu30His\BRCA1_pLeu30His.paired_reference_fragment.xyz,C:\Users\Wesley Capucho\Documents\IA dos números primos\primevarclass_brca1_paired_mutant_execution_results\paired_mutant_fragments\BRCA1_pLeu30His\BRCA1_pLeu30His.draft_mutant_fragment.pdb,C:\Users\Wesley Capucho\Documents\IA dos números primos\primevarclass_brca1_paired_mutant_execution_results\paired_mutant_fragments\BRCA1_pLeu30His\BRCA1_pLeu30His.draft_mutant_fragment.xyz,not_attempted,not_attempted,,,,coordinates_prepared,draft neutral heavy-atom xTB screen; not publication-grade mutant structure
